s,a,s',p_r,reward,number_occurrences,q,scale_factor,policy
<>,START,<START>,1.0,0.0,2000,0.4377667796208632,1.0,1
<A_ACCEPTED | 22>,A_FINALIZED,<A_FINALIZED | 24>,1.0,0.0,355,0.49567413139404026,1.0,1
<A_ACCEPTED | 2>,A_FINALIZED,<A_FINALIZED | 62>,1.0,0.0,183,0.455367559910768,1.0,1
<A_ACCEPTED | 38>,A_FINALIZED,<A_FINALIZED | 89>,1.0,0.0,132,0.4279073278159668,1.0,1
<A_ACCEPTED | 94>,A_FINALIZED,<A_FINALIZED | 24>,1.0,0.0,137,0.49567413139404026,1.0,1
<A_ACTIVATED | 13>,END,<END | 37>,0.1475409836065573,1.0,9,0.611825666348039,0.9999999999998865,1
<A_ACTIVATED | 13>,END,<END | 40>,0.819672131147541,0.5500729655589454,50,0.611825666348039,0.9999999999998865,1
<A_ACTIVATED | 13>,END,<END | 50>,0.0163934426229508,0.4430976260818071,1,0.611825666348039,0.9999999999998865,1
<A_ACTIVATED | 13>,END,<END | 75>,0.0163934426229508,0.3746197432055479,1,0.611825666348039,0.9999999999998865,1
<A_ACTIVATED | 32>,END,<END | 14>,0.0714285714285714,0.8317061336838231,3,0.4633406388069623,0.9999999984834879,1
<A_ACTIVATED | 32>,END,<END | 50>,0.0238095238095238,0.4430976260818071,1,0.4633406388069623,0.9999999984834879,1
<A_ACTIVATED | 32>,END,<END | 51>,0.5714285714285714,0.3474215719859647,24,0.4633406388069623,0.9999999984834879,1
<A_ACTIVATED | 32>,END,<END | 67>,0.1428571428571428,0.9010013100032448,6,0.4633406388069623,0.9999999984834879,1
<A_ACTIVATED | 32>,END,<END | 6>,0.1904761904761904,0.3472456555735396,8,0.4633406388069623,0.9999999984834879,1
<A_ACTIVATED | 35>,END,<END | 37>,0.1666666666666666,0.9999999999999998,13,0.4788497860046232,1.0,1
<A_ACTIVATED | 35>,END,<END | 75>,0.8333333333333334,0.3746197432055479,65,0.4788497860046232,1.0,1
<A_ACTIVATED | 3>,END,<END | 14>,0.6086956521739131,0.8317061336838228,42,0.6588204278997223,0.9999999999999979,1
<A_ACTIVATED | 3>,END,<END | 51>,0.3333333333333333,0.3474215719859647,23,0.6588204278997223,0.9999999999999979,1
<A_ACTIVATED | 3>,END,<END | 58>,0.0579710144927536,0.6340639386707977,4,0.6588204278997223,0.9999999999999979,1
<A_ACTIVATED | 45>,END,<END | 67>,0.323943661971831,0.9010013100032443,46,0.5266312901071057,1.0,1
<A_ACTIVATED | 45>,END,<END | 6>,0.676056338028169,0.3472456555735393,96,0.5266312901071057,1.0,1
<A_ACTIVATED | 57>,END,<END | 58>,1.0,0.6340639386707977,14,0.6329086092534929,0.9981778976111987,1
<A_ACTIVATED | 74>,END,<END | 14>,0.2692307692307692,0.8317061336838233,7,0.5991342922607754,0.9999954793514042,1
<A_ACTIVATED | 74>,END,<END | 50>,0.4615384615384615,0.4430976260818069,12,0.5991342922607754,0.9999954793514042,1
<A_ACTIVATED | 74>,END,<END | 58>,0.2692307692307692,0.6340639386707977,7,0.5991342922607754,0.9999954793514042,1
<A_ACTIVATED | 78>,END,<END | 14>,0.1692307692307692,0.8317061336838234,11,0.4889774619293857,0.9999999999999847,1
<A_ACTIVATED | 78>,END,<END | 51>,0.6307692307692307,0.3474215719859647,41,0.4889774619293857,0.9999999999999847,1
<A_ACTIVATED | 78>,END,<END | 67>,0.1076923076923077,0.9010013100032448,7,0.4889774619293857,0.9999999999999847,1
<A_ACTIVATED | 78>,END,<END | 6>,0.0923076923076923,0.3472456555735396,6,0.4889774619293857,0.9999999999999847,1
<A_APPROVED | 18>,A_REGISTERED,<A_REGISTERED | 26>,0.2054794520547945,0.0,30,0.5900986743675503,1.0,1
<A_APPROVED | 18>,A_REGISTERED,<A_REGISTERED | 31>,0.6164383561643836,0.0,90,0.5900986743675503,1.0,1
<A_APPROVED | 18>,A_REGISTERED,<A_REGISTERED | 95>,0.0753424657534246,0.0,11,0.5900986743675503,1.0,1
<A_APPROVED | 18>,A_REGISTERED,<A_REGISTERED | 99>,0.1027397260273972,0.0,15,0.5900986743675503,1.0,1
<A_APPROVED | 27>,A_REGISTERED,<A_REGISTERED | 34>,0.1206896551724138,0.0,7,0.598270148979354,0.9999999999994913,1
<A_APPROVED | 27>,A_REGISTERED,<A_REGISTERED | 97>,0.8620689655172413,0.0,50,0.598270148979354,0.9999999999994913,1
<A_APPROVED | 27>,A_REGISTERED,<A_REGISTERED | 99>,0.0172413793103448,0.0,1,0.598270148979354,0.9999999999994913,1
<A_APPROVED | 70>,A_REGISTERED,<A_REGISTERED | 70>,1.0,0.0,2,0.10225945737006782,0.4621171572600098,1
<A_APPROVED | 85>,A_REGISTERED,<A_REGISTERED | 34>,1.0,0.0,80,0.4956628283468942,1.0,1
<A_APPROVED | 8>,A_REGISTERED,<A_REGISTERED | 16>,0.6952380952380952,0.0,146,0.5165998963290077,1.0,1
<A_APPROVED | 8>,A_REGISTERED,<A_REGISTERED | 31>,0.0476190476190476,0.0,10,0.5165998963290077,1.0,1
<A_APPROVED | 8>,A_REGISTERED,<A_REGISTERED | 95>,0.2571428571428571,0.0,54,0.5165998963290077,1.0,1
<A_APPROVED | 99>,A_REGISTERED,<A_REGISTERED | 99>,1.0,0.0,1,0.15644069980500824,0.24491866240370908,1
<A_CANCELLED | 22>,END,<END | 83>,1.0,0.0293937853841063,42,0.029393785339530267,0.9999999984834879,1
<A_CANCELLED | 2>,END,<END | 83>,1.0,0.0293937853841063,18,0.029386531316738095,0.9997532108480275,1
<A_CANCELLED | 38>,END,<END | 38>,0.1,0.0374729977390652,2,0.03019896443337878,0.9999092042625951,1
<A_CANCELLED | 38>,END,<END | 83>,0.9,0.0293937853841063,18,0.03019896443337878,0.9999092042625951,1
<A_CANCELLED | 49>,END,<END | 92>,1.0,0.0331101584593323,50,0.033110158458412635,0.9999999999722241,1
<A_CANCELLED | 59>,END,<END | 59>,1.0,0.0375195234140385,1,0.009189231488590953,0.24491866240370908,1
<A_CANCELLED | 5>,END,<END | 92>,1.0,0.0331101584593323,161,0.0331101584593323,1.0,1
<A_CANCELLED | 84>,END,<END | 84>,1.0,0.0348476610763606,9,0.03408192257024794,0.9780261147388136,1
<A_CANCELLED | 91>,END,<END | 91>,1.0,0.0200425257134418,1,0.004908788588928111,0.24491866240370908,1
<A_CANCELLED | 94>,END,<END | 83>,1.0,0.0293937853841063,21,0.02939216662771625,0.9999449286177708,1
<A_DECLINED | 11>,END,<END | 19>,1.0,0.0175629097812664,1,0.004301484371544786,0.24491866240370908,1
<A_DECLINED | 20>,END,<END | 19>,0.6,0.0175629097812664,3,0.014995048254295207,0.8482836399575129,1
<A_DECLINED | 20>,END,<END | 42>,0.4,0.0178479536399514,2,0.014995048254295207,0.8482836399575129,1
<A_DECLINED | 22>,END,<END | 55>,1.0,0.029228028938422,111,0.029228028938422,1.0,1
<A_DECLINED | 23>,END,<END | 19>,0.5,0.0175629097812664,1,0.008181983770167817,0.4621171572600098,1
<A_DECLINED | 23>,END,<END | 42>,0.5,0.0178479536399514,1,0.008181983770167817,0.4621171572600098,1
<A_DECLINED | 2>,END,<END | 55>,1.0,0.029228028938422,67,0.029228028938421833,0.9999999999999943,1
<A_DECLINED | 30>,END,<END | 19>,1.0,0.0175629097812663,150,0.0175629097812663,1.0,1
<A_DECLINED | 38>,END,<END | 38>,0.2093023255813953,0.0374729977390652,9,0.030953720054271088,0.9999999990801889,1
<A_DECLINED | 38>,END,<END | 55>,0.7906976744186046,0.029228028938422,34,0.030953720054271088,0.9999999990801889,1
<A_DECLINED | 47>,END,<END | 91>,1.0,0.0200425257134418,1,0.004908788588928111,0.24491866240370908,1
<A_DECLINED | 49>,END,<END | 80>,1.0,0.0311981020021068,193,0.0311981020021068,1.0,1
<A_DECLINED | 4>,END,<END | 91>,1.0,0.0200425257134418,1,0.004908788588928111,0.24491866240370908,1
<A_DECLINED | 59>,END,<END | 91>,1.0,0.0200425257134418,1,0.004908788588928111,0.24491866240370908,1
<A_DECLINED | 5>,END,<END | 43>,1.0,0.03365685071548,421,0.03365685071548,1.0,1
<A_DECLINED | 60>,END,<END | 91>,1.0,0.0200425257134418,2,0.009261995007006375,0.4621171572600098,1
<A_DECLINED | 72>,END,<END | 19>,1.0,0.0175629097812664,1,0.004301484371544786,0.24491866240370908,1
<A_DECLINED | 73>,END,<END | 17>,0.5777777777777777,0.0092785117526993,26,0.00536091789974557,0.9999999996616205,1
<A_DECLINED | 73>,END,<END | 87>,0.4222222222222222,0.0,19,0.00536091789974557,0.9999999996616205,1
<A_DECLINED | 79>,END,<END | 17>,1.0,0.0092785117526993,18,0.009276221916652285,0.9997532108480275,1
<A_DECLINED | 84>,END,<END | 42>,1.0,0.0178479536399515,40,0.01784795356637675,0.9999999958776927,1
<A_DECLINED | 90>,END,<END | 19>,0.6666666666666666,0.0175629097812664,2,0.011215412184519864,0.6351489523872873,1
<A_DECLINED | 90>,END,<END | 42>,0.3333333333333333,0.0178479536399514,1,0.011215412184519864,0.6351489523872873,1
<A_DECLINED | 91>,END,<END | 91>,1.0,0.0200425257134418,6,0.018141457148154176,0.9051482536448664,1
<A_DECLINED | 94>,END,<END | 55>,1.0,0.029228028938422,46,0.02922802893242331,0.9999999997947624,1
<A_DECLINED | 96>,END,<END | 96>,1.0,0.0169913473999894,4,0.012940510881646106,0.7615941559557649,1
<A_FINALIZED | 24>,O_SELECTED,<O_SELECTED | 44>,1.0,0.0,492,0.49567413551152284,1.0,1
<A_FINALIZED | 62>,O_SELECTED,<O_SELECTED | 0>,0.0163934426229508,0.0,3,0.45536756276755797,1.0,1
<A_FINALIZED | 62>,O_SELECTED,<O_SELECTED | 29>,0.9836065573770492,0.0,180,0.45536756276755797,1.0,1
<A_FINALIZED | 89>,O_SELECTED,<O_SELECTED | 0>,1.0,0.0,132,0.4279073286264226,1.0,1
<A_PARTLYSUBMITTED | 36>,A_DECLINED,<A_DECLINED | 5>,1.0,0.0,409,0.03365685071548,1.0,0
<A_PARTLYSUBMITTED | 36>,A_PREACCEPTED,<A_PREACCEPTED | 5>,1.0,0.0,840,0.47271541355801705,1.0,1
<A_PARTLYSUBMITTED | 36>,W_Assess_fraud,<A_CANCELLED | 5>,0.074074074074074,0.0,2,0.43883671977958644,0.9999972580855863,0
<A_PARTLYSUBMITTED | 36>,W_Assess_fraud,<W_Assess_fraud | 5>,0.925925925925926,0.0,25,0.43883671977958644,0.9999972580855863,0
<A_PARTLYSUBMITTED | 36>,W_Fix_incomplete_submission,<A_CANCELLED | 49>,0.0761061946902654,0.0,43,0.40734202536177816,1.0,0
<A_PARTLYSUBMITTED | 36>,W_Fix_incomplete_submission,<W_Fix_incomplete_submission | 5>,0.9238938053097344,0.0,522,0.40734202536177816,1.0,0
<A_PREACCEPTED | 49>,W_Complete_preaccepted_appl,<A_CANCELLED | 2>,0.0403726708074534,0.0,13,0.43816956188669937,1.0,1
<A_PREACCEPTED | 49>,W_Complete_preaccepted_appl,<W_Complete_preaccepted_appl | 66>,0.9596273291925466,0.0,309,0.43816956188669937,1.0,1
<A_PREACCEPTED | 5>,W_Complete_preaccepted_appl,<A_CANCELLED | 22>,0.0492379835873388,0.0,42,0.47271541853380894,1.0,1
<A_PREACCEPTED | 5>,W_Complete_preaccepted_appl,<W_Complete_preaccepted_appl | 52>,0.9507620164126612,0.0,811,0.47271541853380894,1.0,1
<A_REGISTERED | 16>,A_ACTIVATED,<A_ACTIVATED | 32>,0.0342465753424657,0.0,5,0.5239479961834335,1.0,1
<A_REGISTERED | 16>,A_ACTIVATED,<A_ACTIVATED | 45>,0.952054794520548,0.0,139,0.5239479961834335,1.0,1
<A_REGISTERED | 16>,A_ACTIVATED,<A_ACTIVATED | 78>,0.0136986301369863,0.0,2,0.5239479961834335,1.0,1
<A_REGISTERED | 26>,A_ACTIVATED,<A_ACTIVATED | 3>,0.2333333333333333,0.0,7,0.614186492047359,0.9999993881955461,1
<A_REGISTERED | 26>,A_ACTIVATED,<A_ACTIVATED | 57>,0.0333333333333333,0.0,1,0.614186492047359,0.9999993881955461,1
<A_REGISTERED | 26>,A_ACTIVATED,<A_ACTIVATED | 74>,0.7333333333333333,0.0,22,0.614186492047359,0.9999993881955461,1
<A_REGISTERED | 31>,A_ACTIVATED,<A_ACTIVATED | 32>,0.04,0.0,4,0.5869656162142084,1.0,1
<A_REGISTERED | 31>,A_ACTIVATED,<A_ACTIVATED | 3>,0.57,0.0,57,0.5869656162142084,1.0,1
<A_REGISTERED | 31>,A_ACTIVATED,<A_ACTIVATED | 74>,0.02,0.0,2,0.5869656162142084,1.0,1
<A_REGISTERED | 31>,A_ACTIVATED,<A_ACTIVATED | 78>,0.37,0.0,37,0.5869656162142084,1.0,1
<A_REGISTERED | 34>,A_ACTIVATED,<A_ACTIVATED | 13>,0.1264367816091954,0.0,11,0.4956628283468942,1.0,1
<A_REGISTERED | 34>,A_ACTIVATED,<A_ACTIVATED | 35>,0.8735632183908046,0.0,76,0.4956628283468942,1.0,1
<A_REGISTERED | 70>,A_ACTIVATED,<A_ACTIVATED | 35>,1.0,0.0,2,0.2212847018630205,0.4621171572600098,1
<A_REGISTERED | 95>,A_ACTIVATED,<A_ACTIVATED | 32>,0.5076923076923077,0.0,33,0.48370212266978285,0.9999999999999847,1
<A_REGISTERED | 95>,A_ACTIVATED,<A_ACTIVATED | 3>,0.0153846153846153,0.0,1,0.48370212266978285,0.9999999999999847,1
<A_REGISTERED | 95>,A_ACTIVATED,<A_ACTIVATED | 45>,0.0461538461538461,0.0,3,0.48370212266978285,0.9999999999999847,1
<A_REGISTERED | 95>,A_ACTIVATED,<A_ACTIVATED | 74>,0.0307692307692307,0.0,2,0.48370212266978285,0.9999999999999847,1
<A_REGISTERED | 95>,A_ACTIVATED,<A_ACTIVATED | 78>,0.4,0.0,26,0.48370212266978285,0.9999999999999847,1
<A_REGISTERED | 97>,A_ACTIVATED,<A_ACTIVATED | 13>,1.0,0.0,50,0.6118256663310451,0.9999999999722241,1
<A_REGISTERED | 99>,A_ACTIVATED,<A_ACTIVATED | 3>,0.2352941176470588,0.0,4,0.6387455258396801,0.9995931460438896,1
<A_REGISTERED | 99>,A_ACTIVATED,<A_ACTIVATED | 57>,0.7647058823529411,0.0,13,0.6387455258396801,0.9995931460438896,1
<A_SUBMITTED | 21>,A_PARTLYSUBMITTED,<A_CANCELLED | 5>,0.0795,0.0,159,0.43776679081631903,1.0,1
<A_SUBMITTED | 21>,A_PARTLYSUBMITTED,<A_PARTLYSUBMITTED | 36>,0.9205,0.0,1841,0.43776679081631903,1.0,1
<O_ACCEPTED | 12>,A_APPROVED,<A_APPROVED | 18>,0.8378378378378378,0.0,62,0.5781799536045432,0.9999999999999998,1
<O_ACCEPTED | 12>,A_APPROVED,<A_APPROVED | 8>,0.1621621621621621,0.0,12,0.5781799536045432,0.9999999999999998,1
<O_ACCEPTED | 25>,A_APPROVED,<A_APPROVED | 27>,1.0,0.0,23,0.5982580280369275,0.9999797400180382,1
<O_ACCEPTED | 47>,A_APPROVED,<A_APPROVED | 85>,1.0,0.0,26,0.4956605876294252,0.9999954793514042,1
<O_ACCEPTED | 48>,A_APPROVED,<A_APPROVED | 18>,1.0,0.0,52,0.5900986743615205,0.9999999999897818,1
<O_ACCEPTED | 4>,A_APPROVED,<A_APPROVED | 27>,0.0833333333333333,0.0,1,0.5017199787522525,0.9950547536867305,1
<O_ACCEPTED | 4>,A_APPROVED,<A_APPROVED | 85>,0.9166666666666666,0.0,11,0.5017199787522525,0.9950547536867305,1
<O_ACCEPTED | 59>,A_APPROVED,<A_APPROVED | 85>,1.0,0.0,16,0.4953303871585871,0.999329299739067,1
<O_ACCEPTED | 60>,A_APPROVED,<A_APPROVED | 85>,1.0,0.0,19,0.49558863136125614,0.9998503075449787,1
<O_ACCEPTED | 61>,A_APPROVED,<A_APPROVED | 18>,0.2586206896551724,0.0,15,0.5356082009938755,0.9999999999994913,1
<O_ACCEPTED | 61>,A_APPROVED,<A_APPROVED | 8>,0.7413793103448276,0.0,43,0.5356082009938755,0.9999999999994913,1
<O_ACCEPTED | 63>,A_APPROVED,<A_APPROVED | 27>,1.0,0.0,10,0.590261883140217,0.9866142981514303,1
<O_ACCEPTED | 65>,A_APPROVED,<A_APPROVED | 27>,0.7142857142857143,0.0,20,0.5689528254537789,0.9999983369439447,1
<O_ACCEPTED | 65>,A_APPROVED,<A_APPROVED | 85>,0.2857142857142857,0.0,8,0.5689528254537789,0.9999983369439447,1
<O_ACCEPTED | 70>,A_APPROVED,<A_APPROVED | 70>,1.0,0.0,2,0.0472558497428069,0.4621171572600098,1
<O_ACCEPTED | 76>,A_APPROVED,<A_APPROVED | 18>,0.9090909090909092,0.0,10,0.546192574152953,0.9918597245682077,1
<O_ACCEPTED | 76>,A_APPROVED,<A_APPROVED | 99>,0.0909090909090909,0.0,1,0.546192574152953,0.9918597245682077,1
<O_ACCEPTED | 81>,A_APPROVED,<A_APPROVED | 18>,0.2333333333333333,0.0,7,0.5337492846542783,0.9999993881955461,1
<O_ACCEPTED | 81>,A_APPROVED,<A_APPROVED | 8>,0.7666666666666667,0.0,23,0.5337492846542783,0.9999993881955461,1
<O_ACCEPTED | 93>,A_APPROVED,<A_APPROVED | 27>,1.0,0.0,4,0.45563904914546083,0.7615941559557649,1
<O_ACCEPTED | 9>,A_APPROVED,<A_APPROVED | 8>,1.0,0.0,132,0.5165998963290077,1.0,1
<O_CANCELLED | 20>,A_DECLINED,<A_DECLINED | 20>,1.0,0.0,2,0.006929469072251573,0.4621171572600098,1
<O_CANCELLED | 23>,A_DECLINED,<A_DECLINED | 23>,1.0,0.0,1,0.002003920520798358,0.24491866240370908,1
<O_CANCELLED | 33>,A_DECLINED,<A_DECLINED | 84>,1.0,0.0,9,0.017455764682562207,0.9780261147388136,1
<O_CANCELLED | 41>,A_DECLINED,<A_DECLINED | 84>,1.0,0.0,1,0.004371296914120503,0.24491866240370908,1
<O_CANCELLED | 47>,A_DECLINED,<A_DECLINED | 47>,1.0,0.0,1,0.0012022539352228635,0.24491866240370908,1
<O_CANCELLED | 4>,A_DECLINED,<A_DECLINED | 4>,1.0,0.0,1,0.0012022539352228635,0.24491866240370908,1
<O_CANCELLED | 59>,A_DECLINED,<A_DECLINED | 59>,1.0,0.0,1,0.0012022539352228635,0.24491866240370908,1
<O_CANCELLED | 60>,A_DECLINED,<A_DECLINED | 60>,1.0,0.0,2,0.00428012680319419,0.4621171572600098,1
<O_CANCELLED | 61>,A_DECLINED,<A_DECLINED | 91>,1.0,0.0,3,0.01152252750242899,0.6351489523872873,1
<O_CANCELLED | 68>,A_DECLINED,<A_DECLINED | 84>,1.0,0.0,12,0.01775969103980322,0.9950547536867305,1
<O_CANCELLED | 70>,A_DECLINED,<A_DECLINED | 84>,1.0,0.0,16,0.01783598293926266,0.999329299739067,1
<O_CANCELLED | 77>,A_DECLINED,<A_DECLINED | 84>,1.0,0.0,2,0.008247845565002677,0.4621171572600098,1
<O_CANCELLED | 81>,A_DECLINED,<A_DECLINED | 91>,1.0,0.0,1,0.004443181418780128,0.24491866240370908,1
<O_CANCELLED | 90>,A_DECLINED,<A_DECLINED | 90>,1.0,0.0,1,0.002746863750538866,0.24491866240370908,1
<O_CANCELLED | 9>,A_DECLINED,<A_DECLINED | 91>,1.0,0.0,2,0.008383478605859291,0.4621171572600098,1
<O_CREATED | 11>,O_SENT,<O_SENT | 11>,1.0,0.0,21,0.5165994926046925,0.9999449286177708,1
<O_CREATED | 12>,O_SENT,<O_SENT | 12>,1.0,0.0,5,0.2379990255322206,0.8482836399575129,1
<O_CREATED | 15>,O_SENT,<O_DECLINED | 20>,0.0060975609756097,0.0,3,0.4956741428215829,1.0,1
<O_CREATED | 15>,O_SENT,<O_SENT | 46>,0.266260162601626,0.0,131,0.4956741428215829,1.0,1
<O_CREATED | 15>,O_SENT,<O_SENT | 7>,0.7073170731707317,0.0,348,0.4956741428215829,1.0,1
<O_CREATED | 15>,O_SENT,<O_SENT_BACK | 20>,0.0203252032520325,0.0,10,0.4956741428215829,1.0,1
<O_CREATED | 20>,O_SENT,<O_SENT | 20>,0.9642857142857144,0.0,27,0.5046597927211809,0.9999983369439447,1
<O_CREATED | 20>,O_SENT,<O_SENT_BACK | 20>,0.0357142857142857,0.0,1,0.5046597927211809,0.9999983369439447,1
<O_CREATED | 23>,O_SENT,<O_SENT | 23>,1.0,0.0,2,0.07401299808975635,0.4621171572600098,1
<O_CREATED | 33>,O_SENT,<O_SENT | 28>,0.7931034482758621,0.0,23,0.49355503024180114,0.9999989913051835,1
<O_CREATED | 33>,O_SENT,<O_SENT | 64>,0.0689655172413793,0.0,2,0.49355503024180114,0.9999989913051835,1
<O_CREATED | 33>,O_SENT,<O_SENT | 98>,0.0344827586206896,0.0,1,0.49355503024180114,0.9999989913051835,1
<O_CREATED | 33>,O_SENT,<O_SENT_BACK | 28>,0.1034482758620689,0.0,3,0.49355503024180114,0.9999989913051835,1
<O_CREATED | 41>,O_SENT,<O_SENT | 41>,0.7692307692307693,0.0,10,0.47655449653606796,0.996997635486526,1
<O_CREATED | 41>,O_SENT,<O_SENT | 98>,0.1538461538461538,0.0,2,0.47655449653606796,0.996997635486526,1
<O_CREATED | 41>,O_SENT,<O_SENT_BACK | 41>,0.0769230769230769,0.0,1,0.47655449653606796,0.996997635486526,1
<O_CREATED | 47>,O_SENT,<O_SENT | 47>,1.0,0.0,1,0.014628499264918422,0.24491866240370908,1
<O_CREATED | 48>,O_SENT,<O_SENT | 76>,1.0,0.0,1,0.04501544102752987,0.24491866240370908,1
<O_CREATED | 53>,O_SENT,<O_DECLINED | 11>,0.0074074074074074,0.0,1,0.42790733006528825,1.0,1
<O_CREATED | 53>,O_SENT,<O_DECLINED | 90>,0.0148148148148148,0.0,2,0.42790733006528825,1.0,1
<O_CREATED | 53>,O_SENT,<O_SENT | 46>,0.437037037037037,0.0,59,0.42790733006528825,1.0,1
<O_CREATED | 53>,O_SENT,<O_SENT | 54>,0.5259259259259259,0.0,71,0.42790733006528825,1.0,1
<O_CREATED | 53>,O_SENT,<O_SENT_BACK | 11>,0.0074074074074074,0.0,1,0.42790733006528825,1.0,1
<O_CREATED | 53>,O_SENT,<O_SENT_BACK | 90>,0.0074074074074074,0.0,1,0.42790733006528825,1.0,1
<O_CREATED | 56>,O_SENT,<O_SENT | 28>,0.24,0.0,24,0.5200277093023745,1.0,1
<O_CREATED | 56>,O_SENT,<O_SENT | 56>,0.61,0.0,61,0.5200277093023745,1.0,1
<O_CREATED | 56>,O_SENT,<O_SENT | 64>,0.07,0.0,7,0.5200277093023745,1.0,1
<O_CREATED | 56>,O_SENT,<O_SENT_BACK | 28>,0.03,0.0,3,0.5200277093023745,1.0,1
<O_CREATED | 56>,O_SENT,<O_SENT_BACK | 64>,0.05,0.0,5,0.5200277093023745,1.0,1
<O_CREATED | 59>,O_SENT,<O_SENT | 65>,1.0,0.0,1,0.050850181485419796,0.24491866240370908,1
<O_CREATED | 63>,O_SENT,<O_SENT | 63>,1.0,0.0,2,0.06680649868373556,0.4621171572600098,1
<O_CREATED | 64>,O_SENT,<O_SENT | 28>,0.6666666666666666,0.0,2,0.31258584912766874,0.6351489523872873,1
<O_CREATED | 64>,O_SENT,<O_SENT | 64>,0.3333333333333333,0.0,1,0.31258584912766874,0.6351489523872873,1
<O_CREATED | 65>,O_SENT,<O_SENT | 65>,1.0,0.0,2,0.09594508267999552,0.4621171572600098,1
<O_CREATED | 68>,O_SENT,<O_SENT | 28>,1.0,0.0,6,0.4414062704429946,0.9051482536448664,1
<O_CREATED | 69>,O_SENT,<O_SENT | 69>,1.0,0.0,2,0.09407716852438215,0.4621171572600098,1
<O_CREATED | 72>,O_SENT,<O_SENT | 72>,0.9090909090909092,0.0,10,0.4853002318053292,0.9918597245682077,1
<O_CREATED | 72>,O_SENT,<O_SENT_BACK | 72>,0.0909090909090909,0.0,1,0.4853002318053292,0.9918597245682077,1
<O_CREATED | 76>,O_SENT,<O_SENT | 76>,1.0,0.0,1,0.04501544102752987,0.24491866240370908,1
<O_CREATED | 77>,O_SENT,<O_SENT | 28>,0.5,0.0,10,0.4410965729658568,0.9999092042625951,1
<O_CREATED | 77>,O_SENT,<O_SENT | 77>,0.1,0.0,2,0.4410965729658568,0.9999092042625951,1
<O_CREATED | 77>,O_SENT,<O_SENT | 98>,0.35,0.0,7,0.4410965729658568,0.9999092042625951,1
<O_CREATED | 77>,O_SENT,<O_SENT_BACK | 98>,0.05,0.0,1,0.4410965729658568,0.9999092042625951,1
<O_CREATED | 88>,O_SENT,<O_DECLINED | 72>,0.0055555555555555,0.0,1,0.45582523846899115,1.0,1
<O_CREATED | 88>,O_SENT,<O_SENT | 54>,0.3777777777777777,0.0,68,0.45582523846899115,1.0,1
<O_CREATED | 88>,O_SENT,<O_SENT | 7>,0.6,0.0,108,0.45582523846899115,1.0,1
<O_CREATED | 88>,O_SENT,<O_SENT_BACK | 72>,0.0166666666666666,0.0,3,0.45582523846899115,1.0,1
<O_CREATED | 90>,O_SENT,<O_SENT | 90>,1.0,0.0,7,0.4009048745916844,0.9413755384972874,1
<O_CREATED | 98>,O_SENT,<O_SENT | 69>,0.1666666666666666,0.0,1,0.37357206390194114,0.9051482536448664,1
<O_CREATED | 98>,O_SENT,<O_SENT | 98>,0.8333333333333334,0.0,5,0.37357206390194114,0.9051482536448664,1
<O_CREATED | 9>,O_SENT,<O_SENT | 12>,0.6666666666666666,0.0,2,0.1350696871924307,0.6351489523872873,1
<O_CREATED | 9>,O_SENT,<O_SENT | 9>,0.3333333333333333,0.0,1,0.1350696871924307,0.6351489523872873,1
<O_DECLINED | 11>,A_DECLINED,<A_DECLINED | 11>,1.0,0.0,1,0.0010535137986292082,0.24491866240370908,1
<O_DECLINED | 12>,A_DECLINED,<A_DECLINED | 73>,1.0,0.0,3,0.0034049813878576553,0.6351489523872873,1
<O_DECLINED | 1>,A_DECLINED,<A_DECLINED | 30>,1.0,0.0,1,0.004301484371544761,0.24491866240370908,1
<O_DECLINED | 20>,A_DECLINED,<A_DECLINED | 20>,1.0,0.0,3,0.009524089189712422,0.6351489523872873,1
<O_DECLINED | 23>,A_DECLINED,<A_DECLINED | 23>,1.0,0.0,1,0.002003920520798358,0.24491866240370908,1
<O_DECLINED | 25>,A_DECLINED,<A_DECLINED | 79>,1.0,0.0,3,0.005891782632473693,0.6351489523872873,1
<O_DECLINED | 33>,A_DECLINED,<A_DECLINED | 30>,1.0,0.0,35,0.01756290889925729,0.9999999497800182,1
<O_DECLINED | 41>,A_DECLINED,<A_DECLINED | 30>,1.0,0.0,4,0.013375809450990754,0.7615941559557649,1
<O_DECLINED | 47>,A_DECLINED,<A_DECLINED | 79>,1.0,0.0,5,0.007868867292511458,0.8482836399575129,1
<O_DECLINED | 48>,A_DECLINED,<A_DECLINED | 73>,1.0,0.0,10,0.005289158251104916,0.9866142981514303,1
<O_DECLINED | 4>,A_DECLINED,<A_DECLINED | 79>,1.0,0.0,1,0.002271919863986448,0.24491866240370908,1
<O_DECLINED | 59>,A_DECLINED,<A_DECLINED | 79>,1.0,0.0,4,0.0070647164010711645,0.7615941559557649,1
<O_DECLINED | 60>,A_DECLINED,<A_DECLINED | 79>,1.0,0.0,1,0.002271919863986448,0.24491866240370908,1
<O_DECLINED | 61>,A_DECLINED,<A_DECLINED | 73>,1.0,0.0,10,0.005289158251104916,0.9866142981514303,1
<O_DECLINED | 63>,A_DECLINED,<A_DECLINED | 79>,1.0,0.0,1,0.002271919863986448,0.24491866240370908,1
<O_DECLINED | 64>,A_DECLINED,<A_DECLINED | 30>,1.0,0.0,4,0.013375809450990754,0.7615941559557649,1
<O_DECLINED | 65>,A_DECLINED,<A_DECLINED | 79>,1.0,0.0,2,0.0042867013022363535,0.4621171572600098,1
<O_DECLINED | 68>,A_DECLINED,<A_DECLINED | 30>,1.0,0.0,27,0.017562861625270824,0.9999972580855863,1
<O_DECLINED | 69>,A_DECLINED,<A_DECLINED | 96>,1.0,0.0,3,0.008219151929833815,0.6351489523872873,1
<O_DECLINED | 70>,A_DECLINED,<A_DECLINED | 30>,1.0,0.0,61,0.01756290978126431,0.9999999999998865,1
<O_DECLINED | 72>,A_DECLINED,<A_DECLINED | 72>,1.0,0.0,1,0.0010535137986292082,0.24491866240370908,1
<O_DECLINED | 76>,A_DECLINED,<A_DECLINED | 73>,1.0,0.0,1,0.0013129888412617865,0.24491866240370908,1
<O_DECLINED | 77>,A_DECLINED,<A_DECLINED | 30>,1.0,0.0,16,0.017551130333093263,0.999329299739067,1
<O_DECLINED | 81>,A_DECLINED,<A_DECLINED | 73>,1.0,0.0,6,0.004852425474888208,0.9051482536448664,1
<O_DECLINED | 84>,A_DECLINED,<A_DECLINED | 30>,1.0,0.0,1,0.004301484371544761,0.24491866240370908,1
<O_DECLINED | 90>,A_DECLINED,<A_DECLINED | 90>,1.0,0.0,2,0.005182834396209596,0.4621171572600098,1
<O_DECLINED | 93>,A_DECLINED,<A_DECLINED | 79>,1.0,0.0,1,0.002271919863986448,0.24491866240370908,1
<O_DECLINED | 98>,A_DECLINED,<A_DECLINED | 30>,0.5,0.0,1,0.007048077021725662,0.4621171572600098,1
<O_DECLINED | 98>,A_DECLINED,<A_DECLINED | 96>,0.5,0.0,1,0.007048077021725662,0.4621171572600098,1
<O_DECLINED | 9>,A_DECLINED,<A_DECLINED | 73>,1.0,0.0,15,0.0053549910979670086,0.9988944427261528,1
<O_SELECTED | 0>,O_CREATED,<O_CREATED | 53>,1.0,0.0,135,0.42790732937460246,1.0,1
<O_SELECTED | 11>,O_CREATED,<O_CREATED | 11>,0.6666666666666666,0.0,6,0.46753034204439203,0.9780261147388136,1
<O_SELECTED | 11>,O_CREATED,<O_CREATED | 90>,0.3333333333333333,0.0,3,0.46753034204439203,0.9780261147388136,1
<O_SELECTED | 12>,O_CREATED,<O_CREATED | 12>,1.0,0.0,2,0.10998343310960228,0.4621171572600098,1
<O_SELECTED | 20>,O_CREATED,<O_CREATED | 11>,0.3488372093023256,0.0,15,0.5088248024335404,0.9999999990801889,1
<O_SELECTED | 20>,O_CREATED,<O_CREATED | 20>,0.6511627906976745,0.0,28,0.5088248024335404,0.9999999990801889,1
<O_SELECTED | 23>,O_CREATED,<O_CREATED | 23>,1.0,0.0,1,0.018127164492631402,0.24491866240370908,1
<O_SELECTED | 25>,O_CREATED,<O_CREATED | 63>,1.0,0.0,1,0.016362158297495665,0.24491866240370908,1
<O_SELECTED | 28>,O_CREATED,<O_CREATED | 98>,1.0,0.0,1,0.09149477020225635,0.24491866240370908,1
<O_SELECTED | 29>,O_CREATED,<O_CREATED | 88>,1.0,0.0,180,0.45582523600532765,1.0,1
<O_SELECTED | 33>,O_CREATED,<O_CREATED | 33>,0.9666666666666668,0.0,29,0.49180611410991454,0.9999993881955461,1
<O_SELECTED | 33>,O_CREATED,<O_CREATED | 77>,0.0333333333333333,0.0,1,0.49180611410991454,0.9999993881955461,1
<O_SELECTED | 41>,O_CREATED,<O_CREATED | 41>,0.9,0.0,9,0.4600150860813163,0.9866142981514303,1
<O_SELECTED | 41>,O_CREATED,<O_CREATED | 98>,0.1,0.0,1,0.4600150860813163,0.9866142981514303,1
<O_SELECTED | 44>,O_CREATED,<O_CREATED | 15>,1.0,0.0,492,0.49567413931260546,1.0,1
<O_SELECTED | 47>,O_CREATED,<O_CREATED | 47>,1.0,0.0,1,0.0035827553176550186,0.24491866240370908,1
<O_SELECTED | 48>,O_CREATED,<O_CREATED | 48>,0.5,0.0,1,0.020802407640447718,0.4621171572600098,1
<O_SELECTED | 48>,O_CREATED,<O_CREATED | 76>,0.5,0.0,1,0.020802407640447718,0.4621171572600098,1
<O_SELECTED | 59>,O_CREATED,<O_CREATED | 59>,1.0,0.0,1,0.01245412631406017,0.24491866240370908,1
<O_SELECTED | 63>,O_CREATED,<O_CREATED | 63>,1.0,0.0,1,0.016362158297495665,0.24491866240370908,1
<O_SELECTED | 64>,O_CREATED,<O_CREATED | 64>,1.0,0.0,3,0.19853857460452945,0.6351489523872873,1
<O_SELECTED | 65>,O_CREATED,<O_CREATED | 65>,1.0,0.0,2,0.04433775451713846,0.4621171572600098,1
<O_SELECTED | 68>,O_CREATED,<O_CREATED | 56>,0.6829268292682927,0.0,28,0.4950460839789517,0.9999999974996943,1
<O_SELECTED | 68>,O_CREATED,<O_CREATED | 68>,0.1463414634146341,0.0,6,0.4950460839789517,0.9999999974996943,1
<O_SELECTED | 68>,O_CREATED,<O_CREATED | 77>,0.1707317073170731,0.0,7,0.4950460839789517,0.9999999974996943,1
<O_SELECTED | 69>,O_CREATED,<O_CREATED | 69>,1.0,0.0,2,0.04347467368155835,0.4621171572600098,1
<O_SELECTED | 70>,O_CREATED,<O_CREATED | 41>,0.0526315789473684,0.0,4,0.5177396454725689,0.9999999999999999,1
<O_SELECTED | 70>,O_CREATED,<O_CREATED | 56>,0.9473684210526316,0.0,72,0.5177396454725689,0.9999999999999999,1
<O_SELECTED | 72>,O_CREATED,<O_CREATED | 72>,1.0,0.0,11,0.48134974980979867,0.9918597245682077,1
<O_SELECTED | 77>,O_CREATED,<O_CREATED | 23>,0.0769230769230769,0.0,1,0.41161982056221436,0.996997635486526,1
<O_SELECTED | 77>,O_CREATED,<O_CREATED | 77>,0.9230769230769232,0.0,12,0.41161982056221436,0.996997635486526,1
<O_SELECTED | 81>,O_CREATED,<O_CREATED | 12>,1.0,0.0,1,0.058290402986737676,0.24491866240370908,1
<O_SELECTED | 90>,O_CREATED,<O_CREATED | 90>,1.0,0.0,4,0.3053268095832056,0.7615941559557649,1
<O_SELECTED | 98>,O_CREATED,<O_CREATED | 98>,1.0,0.0,4,0.28451030069605193,0.7615941559557649,1
<O_SELECTED | 9>,O_CREATED,<O_CREATED | 12>,0.4,0.0,2,0.1495027154136359,0.8482836399575129,1
<O_SELECTED | 9>,O_CREATED,<O_CREATED | 9>,0.6,0.0,3,0.1495027154136359,0.8482836399575129,1
<O_SENT | 11>,O_SELECTED,<O_SELECTED | 11>,1.0,0.0,1,0.11450690600666108,0.24491866240370908,0
<O_SENT | 11>,W_Call_after_offer,<O_SENT_BACK | 28>,0.55,0.0,11,0.5166279440196678,0.9999092042625951,1
<O_SENT | 11>,W_Call_after_offer,<O_SENT_BACK | 64>,0.05,0.0,1,0.5166279440196678,0.9999092042625951,1
<O_SENT | 11>,W_Call_after_offer,<O_SENT_BACK | 98>,0.05,0.0,1,0.5166279440196678,0.9999092042625951,1
<O_SENT | 11>,W_Call_after_offer,<W_Call_after_offer | 11>,0.35,0.0,7,0.5166279440196678,0.9999092042625951,1
<O_SENT | 12>,O_SELECTED,<O_SELECTED | 12>,1.0,0.0,1,0.026936995323771598,0.24491866240370908,0
<O_SENT | 12>,W_Call_after_offer,<O_ACCEPTED | 12>,0.1666666666666666,0.0,1,0.28056538440861717,0.9051482536448664,1
<O_SENT | 12>,W_Call_after_offer,<O_SENT_BACK | 12>,0.1666666666666666,0.0,1,0.28056538440861717,0.9051482536448664,1
<O_SENT | 12>,W_Call_after_offer,<W_Call_after_offer | 12>,0.6666666666666666,0.0,4,0.28056538440861717,0.9051482536448664,1
<O_SENT | 20>,O_SELECTED,<O_SELECTED | 20>,1.0,0.0,1,0.12462068963659326,0.24491866240370908,0
<O_SENT | 20>,W_Call_after_offer,<O_DECLINED | 64>,0.0384615384615384,0.0,1,0.5089995667881199,0.9999954793514042,1
<O_SENT | 20>,W_Call_after_offer,<O_SENT_BACK | 64>,0.5769230769230769,0.0,15,0.5089995667881199,0.9999954793514042,1
<O_SENT | 20>,W_Call_after_offer,<W_Call_after_offer | 11>,0.0384615384615384,0.0,1,0.5089995667881199,0.9999954793514042,1
<O_SENT | 20>,W_Call_after_offer,<W_Call_after_offer | 20>,0.3461538461538461,0.0,9,0.5089995667881199,0.9999954793514042,1
<O_SENT | 23>,W_Call_after_offer,<W_Call_after_offer | 23>,1.0,0.0,2,0.16016067987736063,0.4621171572600098,1
<O_SENT | 28>,END,<END | 64>,1.0,0.0375428340299285,1,0.009194940693454539,0.24491866240370908,0
<O_SENT | 28>,O_SELECTED,<O_SELECTED | 28>,0.5,0.0,1,0.08687919723943734,0.4621171572600098,0
<O_SENT | 28>,O_SELECTED,<O_SELECTED | 98>,0.5,0.0,1,0.08687919723943734,0.4621171572600098,0
<O_SENT | 28>,W_Call_after_offer,<O_DECLINED | 64>,0.0483870967741935,0.0,3,0.48766184839393134,0.9999999999999312,1
<O_SENT | 28>,W_Call_after_offer,<O_SENT_BACK | 64>,0.3225806451612903,0.0,20,0.48766184839393134,0.9999999999999312,1
<O_SENT | 28>,W_Call_after_offer,<O_SENT_BACK | 98>,0.1451612903225806,0.0,9,0.48766184839393134,0.9999999999999312,1
<O_SENT | 28>,W_Call_after_offer,<W_Call_after_offer | 28>,0.2580645161290322,0.0,16,0.48766184839393134,0.9999999999999312,1
<O_SENT | 28>,W_Call_after_offer,<W_Call_after_offer | 64>,0.1290322580645161,0.0,8,0.48766184839393134,0.9999999999999312,1
<O_SENT | 28>,W_Call_after_offer,<W_Call_after_offer | 98>,0.0967741935483871,0.0,6,0.48766184839393134,0.9999999999999312,1
<O_SENT | 41>,W_Call_after_offer,<O_SENT_BACK | 41>,0.4,0.0,4,0.4800956882955536,0.9866142981514303,1
<O_SENT | 41>,W_Call_after_offer,<O_SENT_BACK | 69>,0.3,0.0,3,0.4800956882955536,0.9866142981514303,1
<O_SENT | 41>,W_Call_after_offer,<W_Call_after_offer | 41>,0.3,0.0,3,0.4800956882955536,0.9866142981514303,1
<O_SENT | 46>,O_SELECTED,<O_SELECTED | 11>,0.2631578947368421,0.0,5,0.49788329751900107,0.9998503075449787,1
<O_SENT | 46>,O_SELECTED,<O_SELECTED | 20>,0.7368421052631579,0.0,14,0.49788329751900107,0.9998503075449787,1
<O_SENT | 46>,W_Call_after_offer,<O_DECLINED | 68>,0.1169590643274853,0.0,20,0.4334362814714856,1.0,0
<O_SENT | 46>,W_Call_after_offer,<O_SENT_BACK | 68>,0.327485380116959,0.0,56,0.4334362814714856,1.0,0
<O_SENT | 46>,W_Call_after_offer,<W_Call_after_offer | 11>,0.1871345029239766,0.0,32,0.4334362814714856,1.0,0
<O_SENT | 46>,W_Call_after_offer,<W_Call_after_offer | 20>,0.3684210526315789,0.0,63,0.4334362814714856,1.0,0
<O_SENT | 47>,W_Call_after_offer,<O_SENT_BACK | 65>,1.0,0.0,1,0.05972858183666216,0.24491866240370908,1
<O_SENT | 54>,O_CANCELLED,<O_CANCELLED | 90>,1.0,0.0,1,0.0006727581955872146,0.24491866240370908,0
<O_SENT | 54>,O_SELECTED,<O_SELECTED | 11>,0.3333333333333333,0.0,3,0.38975402965871014,0.9780261147388136,0
<O_SENT | 54>,O_SELECTED,<O_SELECTED | 72>,0.2222222222222222,0.0,2,0.38975402965871014,0.9780261147388136,0
<O_SENT | 54>,O_SELECTED,<O_SELECTED | 90>,0.4444444444444444,0.0,4,0.38975402965871014,0.9780261147388136,0
<O_SENT | 54>,W_Call_after_offer,<O_DECLINED | 23>,0.0077519379844961,0.0,1,0.3988904272899954,1.0,1
<O_SENT | 54>,W_Call_after_offer,<O_DECLINED | 33>,0.0542635658914728,0.0,7,0.3988904272899954,1.0,1
<O_SENT | 54>,W_Call_after_offer,<O_DECLINED | 77>,0.0697674418604651,0.0,9,0.3988904272899954,1.0,1
<O_SENT | 54>,W_Call_after_offer,<O_SENT_BACK | 23>,0.0155038759689922,0.0,2,0.3988904272899954,1.0,1
<O_SENT | 54>,W_Call_after_offer,<O_SENT_BACK | 33>,0.1317829457364341,0.0,17,0.3988904272899954,1.0,1
<O_SENT | 54>,W_Call_after_offer,<O_SENT_BACK | 77>,0.1007751937984496,0.0,13,0.3988904272899954,1.0,1
<O_SENT | 54>,W_Call_after_offer,<W_Call_after_offer | 11>,0.0620155038759689,0.0,8,0.3988904272899954,1.0,1
<O_SENT | 54>,W_Call_after_offer,<W_Call_after_offer | 72>,0.3178294573643411,0.0,41,0.3988904272899954,1.0,1
<O_SENT | 54>,W_Call_after_offer,<W_Call_after_offer | 90>,0.2403100775193798,0.0,31,0.3988904272899954,1.0,1
<O_SENT | 56>,O_SELECTED,<O_SELECTED | 64>,1.0,0.0,3,0.12610156766853217,0.6351489523872873,0
<O_SENT | 56>,W_Call_after_offer,<O_SENT_BACK | 64>,0.603448275862069,0.0,35,0.5316146602810473,0.9999999999994913,1
<O_SENT | 56>,W_Call_after_offer,<W_Call_after_offer | 64>,0.396551724137931,0.0,23,0.5316146602810473,0.9999999999994913,1
<O_SENT | 63>,O_SELECTED,<O_SELECTED | 63>,1.0,0.0,1,0.004007397924260388,0.24491866240370908,0
<O_SENT | 63>,W_Call_after_offer,<O_ACCEPTED | 63>,1.0,0.0,1,0.14456615088659638,0.24491866240370908,1
<O_SENT | 64>,W_Call_after_offer,<O_SENT_BACK | 41>,0.5,0.0,5,0.5011135135048199,0.9866142981514303,1
<O_SENT | 64>,W_Call_after_offer,<W_Call_after_offer | 64>,0.5,0.0,5,0.5011135135048199,0.9866142981514303,1
<O_SENT | 65>,W_Call_after_offer,<O_ACCEPTED | 63>,0.3333333333333333,0.0,1,0.20762120134460893,0.6351489523872873,1
<O_SENT | 65>,W_Call_after_offer,<O_SENT_BACK | 65>,0.3333333333333333,0.0,1,0.20762120134460893,0.6351489523872873,1
<O_SENT | 65>,W_Call_after_offer,<W_Call_after_offer | 25>,0.3333333333333333,0.0,1,0.20762120134460893,0.6351489523872873,1
<O_SENT | 69>,W_Call_after_offer,<W_Call_after_offer | 69>,1.0,0.0,3,0.2035786099832033,0.6351489523872873,1
<O_SENT | 72>,W_Call_after_offer,<O_SENT_BACK | 28>,0.6,0.0,6,0.5151567685534558,0.9866142981514303,1
<O_SENT | 72>,W_Call_after_offer,<W_Call_after_offer | 11>,0.1,0.0,1,0.5151567685534558,0.9866142981514303,1
<O_SENT | 72>,W_Call_after_offer,<W_Call_after_offer | 72>,0.3,0.0,3,0.5151567685534558,0.9866142981514303,1
<O_SENT | 76>,W_Call_after_offer,<W_Call_after_offer | 76>,1.0,0.0,2,0.18379751296097294,0.4621171572600098,1
<O_SENT | 77>,O_SELECTED,<O_SELECTED | 98>,1.0,0.0,1,0.0696818822865541,0.24491866240370908,0
<O_SENT | 77>,W_Call_after_offer,<O_SENT_BACK | 98>,1.0,0.0,1,0.12564265915303122,0.24491866240370908,1
<O_SENT | 7>,O_CANCELLED,<O_CANCELLED | 20>,1.0,0.0,2,0.0032022265489900547,0.4621171572600098,0
<O_SENT | 7>,O_SELECTED,<O_SELECTED | 20>,0.7567567567567568,0.0,28,0.5021416699244162,0.9999999815251008,1
<O_SENT | 7>,O_SELECTED,<O_SELECTED | 72>,0.2432432432432432,0.0,9,0.5021416699244162,0.9999999815251008,1
<O_SENT | 7>,W_Call_after_offer,<O_ACCEPTED | 70>,0.0047961630695443,0.0,2,0.43455914052080474,1.0,0
<O_SENT | 7>,W_Call_after_offer,<O_DECLINED | 33>,0.0311750599520383,0.0,13,0.43455914052080474,1.0,0
<O_SENT | 7>,W_Call_after_offer,<O_DECLINED | 70>,0.0839328537170263,0.0,35,0.43455914052080474,1.0,0
<O_SENT | 7>,W_Call_after_offer,<O_SENT_BACK | 1>,0.0095923261390887,0.0,4,0.43455914052080474,1.0,0
<O_SENT | 7>,W_Call_after_offer,<O_SENT_BACK | 33>,0.0767386091127098,0.0,32,0.43455914052080474,1.0,0
<O_SENT | 7>,W_Call_after_offer,<O_SENT_BACK | 70>,0.211031175059952,0.0,88,0.43455914052080474,1.0,0
<O_SENT | 7>,W_Call_after_offer,<W_Call_after_offer | 20>,0.4532374100719424,0.0,189,0.43455914052080474,1.0,0
<O_SENT | 7>,W_Call_after_offer,<W_Call_after_offer | 72>,0.1294964028776978,0.0,54,0.43455914052080474,1.0,0
<O_SENT | 90>,W_Call_after_offer,<O_SENT_BACK | 23>,0.1428571428571428,0.0,1,0.425871353351338,0.9413755384972874,1
<O_SENT | 90>,W_Call_after_offer,<O_SENT_BACK | 98>,0.4285714285714285,0.0,3,0.425871353351338,0.9413755384972874,1
<O_SENT | 90>,W_Call_after_offer,<W_Call_after_offer | 90>,0.4285714285714285,0.0,3,0.425871353351338,0.9413755384972874,1
<O_SENT | 98>,W_Call_after_offer,<O_SENT_BACK | 98>,0.5333333333333333,0.0,8,0.4545473190324523,0.9988944427261528,1
<O_SENT | 98>,W_Call_after_offer,<W_Call_after_offer | 98>,0.4666666666666667,0.0,7,0.4545473190324523,0.9988944427261528,1
<O_SENT | 9>,W_Call_after_offer,<W_Call_after_offer | 12>,1.0,0.0,1,0.07684408740233889,0.24491866240370908,1
<O_SENT_BACK | 11>,W_Assess_application,<W_Assess_application | 11>,1.0,0.0,1,0.029732275289670606,0.24491866240370908,1
<O_SENT_BACK | 12>,W_Assess_application,<W_Assess_application | 48>,1.0,0.0,1,0.02660337989775436,0.24491866240370908,1
<O_SENT_BACK | 1>,W_Assess_application,<W_Assess_application | 39>,0.5714285714285714,0.0,4,0.43897292445558644,0.9413755384972874,1
<O_SENT_BACK | 1>,W_Assess_application,<W_Assess_application | 86>,0.4285714285714285,0.0,3,0.43897292445558644,0.9413755384972874,1
<O_SENT_BACK | 20>,W_Assess_application,<O_ACCEPTED | 47>,0.1818181818181818,0.0,2,0.3875094485701367,0.9918597245682077,1
<O_SENT_BACK | 20>,W_Assess_application,<W_Assess_application | 20>,0.3636363636363636,0.0,4,0.3875094485701367,0.9918597245682077,1
<O_SENT_BACK | 20>,W_Assess_application,<W_Assess_application | 39>,0.4545454545454545,0.0,5,0.3875094485701367,0.9918597245682077,1
<O_SENT_BACK | 23>,W_Assess_application,<O_ACCEPTED | 63>,0.1428571428571428,0.0,1,0.4912360466299168,0.9413755384972874,1
<O_SENT_BACK | 23>,W_Assess_application,<W_Assess_application | 71>,0.7142857142857143,0.0,5,0.4912360466299168,0.9413755384972874,1
<O_SENT_BACK | 23>,W_Assess_application,<W_Assess_application | 82>,0.1428571428571428,0.0,1,0.4912360466299168,0.9413755384972874,1
<O_SENT_BACK | 28>,W_Assess_application,<O_ACCEPTED | 65>,0.0434782608695652,0.0,1,0.546704485156635,0.9999797400180382,1
<O_SENT_BACK | 28>,W_Assess_application,<W_Assess_application | 10>,0.8695652173913043,0.0,20,0.546704485156635,0.9999797400180382,1
<O_SENT_BACK | 28>,W_Assess_application,<W_Assess_application | 71>,0.0869565217391304,0.0,2,0.546704485156635,0.9999797400180382,1
<O_SENT_BACK | 33>,W_Assess_application,<O_ACCEPTED | 60>,0.1733333333333333,0.0,13,0.46702089020566395,0.9999999999999999,1
<O_SENT_BACK | 33>,W_Assess_application,<W_Assess_application | 86>,0.8266666666666667,0.0,62,0.46702089020566395,0.9999999999999999,1
<O_SENT_BACK | 41>,W_Assess_application,<O_ACCEPTED | 25>,0.0909090909090909,0.0,5,0.5038132209412356,0.99999999999772,1
<O_SENT_BACK | 41>,W_Assess_application,<O_ACCEPTED | 63>,0.0181818181818181,0.0,1,0.5038132209412356,0.99999999999772,1
<O_SENT_BACK | 41>,W_Assess_application,<O_ACCEPTED | 93>,0.0181818181818181,0.0,1,0.5038132209412356,0.99999999999772,1
<O_SENT_BACK | 41>,W_Assess_application,<O_DECLINED | 93>,0.0181818181818181,0.0,1,0.5038132209412356,0.99999999999772,1
<O_SENT_BACK | 41>,W_Assess_application,<W_Assess_application | 71>,0.0363636363636363,0.0,2,0.5038132209412356,0.99999999999772,1
<O_SENT_BACK | 41>,W_Assess_application,<W_Assess_application | 82>,0.6909090909090909,0.0,38,0.5038132209412356,0.99999999999772,1
<O_SENT_BACK | 41>,W_Assess_application,<W_Assess_application | 86>,0.1272727272727272,0.0,7,0.5038132209412356,0.99999999999772,1
<O_SENT_BACK | 64>,W_Assess_application,<O_ACCEPTED | 25>,0.0467289719626168,0.0,5,0.5444968483271119,1.0,1
<O_SENT_BACK | 64>,W_Assess_application,<O_ACCEPTED | 65>,0.1588785046728972,0.0,17,0.5444968483271119,1.0,1
<O_SENT_BACK | 64>,W_Assess_application,<O_DECLINED | 25>,0.0093457943925233,0.0,1,0.5444968483271119,1.0,1
<O_SENT_BACK | 64>,W_Assess_application,<O_DECLINED | 65>,0.0093457943925233,0.0,1,0.5444968483271119,1.0,1
<O_SENT_BACK | 64>,W_Assess_application,<W_Assess_application | 10>,0.7757009345794392,0.0,83,0.5444968483271119,1.0,1
<O_SENT_BACK | 65>,W_Assess_application,<W_Assess_application | 25>,0.5,0.0,1,0.24387340656214335,0.4621171572600098,1
<O_SENT_BACK | 65>,W_Assess_application,<W_Assess_application | 65>,0.5,0.0,1,0.24387340656214335,0.4621171572600098,1
<O_SENT_BACK | 68>,W_Assess_application,<O_ACCEPTED | 47>,0.025,0.0,2,0.47755188456631203,1.0,1
<O_SENT_BACK | 68>,W_Assess_application,<O_ACCEPTED | 4>,0.05,0.0,4,0.47755188456631203,1.0,1
<O_SENT_BACK | 68>,W_Assess_application,<O_ACCEPTED | 59>,0.0125,0.0,1,0.47755188456631203,1.0,1
<O_SENT_BACK | 68>,W_Assess_application,<O_DECLINED | 47>,0.0125,0.0,1,0.47755188456631203,1.0,1
<O_SENT_BACK | 68>,W_Assess_application,<W_Assess_application | 39>,0.575,0.0,46,0.47755188456631203,1.0,1
<O_SENT_BACK | 68>,W_Assess_application,<W_Assess_application | 71>,0.275,0.0,22,0.47755188456631203,1.0,1
<O_SENT_BACK | 68>,W_Assess_application,<W_Assess_application | 86>,0.05,0.0,4,0.47755188456631203,1.0,1
<O_SENT_BACK | 69>,W_Assess_application,<O_ACCEPTED | 63>,0.1428571428571428,0.0,1,0.4917973793928615,0.9413755384972874,1
<O_SENT_BACK | 69>,W_Assess_application,<W_Assess_application | 82>,0.8571428571428571,0.0,6,0.4917973793928615,0.9413755384972874,1
<O_SENT_BACK | 70>,W_Assess_application,<O_ACCEPTED | 47>,0.0571428571428571,0.0,8,0.4623711887929309,1.0,1
<O_SENT_BACK | 70>,W_Assess_application,<O_ACCEPTED | 59>,0.0357142857142857,0.0,5,0.4623711887929309,1.0,1
<O_SENT_BACK | 70>,W_Assess_application,<O_DECLINED | 47>,0.0142857142857142,0.0,2,0.4623711887929309,1.0,1
<O_SENT_BACK | 70>,W_Assess_application,<O_DECLINED | 59>,0.0071428571428571,0.0,1,0.4623711887929309,1.0,1
<O_SENT_BACK | 70>,W_Assess_application,<W_Assess_application | 39>,0.85,0.0,119,0.4623711887929309,1.0,1
<O_SENT_BACK | 70>,W_Assess_application,<W_Assess_application | 86>,0.0357142857142857,0.0,5,0.4623711887929309,1.0,1
<O_SENT_BACK | 72>,W_Assess_application,<O_ACCEPTED | 60>,0.25,0.0,1,0.230546804147254,0.7615941559557649,1
<O_SENT_BACK | 72>,W_Assess_application,<W_Assess_application | 39>,0.25,0.0,1,0.230546804147254,0.7615941559557649,1
<O_SENT_BACK | 72>,W_Assess_application,<W_Assess_application | 72>,0.5,0.0,2,0.230546804147254,0.7615941559557649,1
<O_SENT_BACK | 76>,W_Assess_application,<W_Assess_application | 76>,1.0,0.0,1,0.032763444141398486,0.24491866240370908,1
<O_SENT_BACK | 77>,W_Assess_application,<O_ACCEPTED | 4>,0.1363636363636363,0.0,3,0.5091363698876248,0.9999665971563038,1
<O_SENT_BACK | 77>,W_Assess_application,<W_Assess_application | 71>,0.8181818181818182,0.0,18,0.5091363698876248,0.9999665971563038,1
<O_SENT_BACK | 77>,W_Assess_application,<W_Assess_application | 82>,0.0454545454545454,0.0,1,0.5091363698876248,0.9999665971563038,1
<O_SENT_BACK | 90>,W_Assess_application,<W_Assess_application | 90>,1.0,0.0,1,0.030003295799355147,0.24491866240370908,1
<O_SENT_BACK | 98>,W_Assess_application,<O_ACCEPTED | 25>,0.025,0.0,1,0.5129974903502024,0.9999999958776927,1
<O_SENT_BACK | 98>,W_Assess_application,<O_ACCEPTED | 63>,0.05,0.0,2,0.5129974903502024,0.9999999958776927,1
<O_SENT_BACK | 98>,W_Assess_application,<O_ACCEPTED | 65>,0.05,0.0,2,0.5129974903502024,0.9999999958776927,1
<O_SENT_BACK | 98>,W_Assess_application,<O_DECLINED | 63>,0.025,0.0,1,0.5129974903502024,0.9999999958776927,1
<O_SENT_BACK | 98>,W_Assess_application,<W_Assess_application | 10>,0.15,0.0,6,0.5129974903502024,0.9999999958776927,1
<O_SENT_BACK | 98>,W_Assess_application,<W_Assess_application | 71>,0.175,0.0,7,0.5129974903502024,0.9999999958776927,1
<O_SENT_BACK | 98>,W_Assess_application,<W_Assess_application | 82>,0.525,0.0,21,0.5129974903502024,0.9999999958776927,1
<START>,A_SUBMITTED,<A_SUBMITTED | 21>,1.0,0.0,2000,0.4377667854421517,1.0,1
<W_Assess_application | 10>,O_CANCELLED,<O_ACCEPTED | 65>,1.0,0.0,1,0.13934716498095048,0.24491866240370908,0
<W_Assess_application | 10>,O_SELECTED,<O_SELECTED | 65>,1.0,0.0,1,0.010859114251790702,0.24491866240370908,0
<W_Assess_application | 10>,W_Assess_application,<O_ACCEPTED | 25>,0.0769230769230769,0.0,4,0.5225110912582318,0.9999999999897818,0
<W_Assess_application | 10>,W_Assess_application,<O_ACCEPTED | 65>,0.1153846153846153,0.0,6,0.5225110912582318,0.9999999999897818,0
<W_Assess_application | 10>,W_Assess_application,<O_DECLINED | 25>,0.0192307692307692,0.0,1,0.5225110912582318,0.9999999999897818,0
<W_Assess_application | 10>,W_Assess_application,<O_DECLINED | 65>,0.0192307692307692,0.0,1,0.5225110912582318,0.9999999999897818,0
<W_Assess_application | 10>,W_Assess_application,<W_Assess_application | 25>,0.3269230769230769,0.0,17,0.5225110912582318,0.9999999999897818,0
<W_Assess_application | 10>,W_Assess_application,<W_Assess_application | 65>,0.4423076923076923,0.0,23,0.5225110912582318,0.9999999999897818,0
<W_Assess_application | 10>,W_Call_missing_information,<O_ACCEPTED | 12>,0.4545454545454545,0.0,25,0.5492469411345469,0.99999999999772,1
<W_Assess_application | 10>,W_Call_missing_information,<O_ACCEPTED | 48>,0.0181818181818181,0.0,1,0.5492469411345469,0.99999999999772,1
<W_Assess_application | 10>,W_Call_missing_information,<O_DECLINED | 12>,0.0181818181818181,0.0,1,0.5492469411345469,0.99999999999772,1
<W_Assess_application | 10>,W_Call_missing_information,<W_Call_missing_information | 25>,0.0545454545454545,0.0,3,0.5492469411345469,0.99999999999772,1
<W_Assess_application | 10>,W_Call_missing_information,<W_Call_missing_information | 63>,0.0181818181818181,0.0,1,0.5492469411345469,0.99999999999772,1
<W_Assess_application | 10>,W_Call_missing_information,<W_Call_missing_information | 65>,0.4363636363636363,0.0,24,0.5492469411345469,0.99999999999772,1
<W_Assess_application | 11>,W_Assess_application,<O_ACCEPTED | 47>,1.0,0.0,1,0.12139652812843525,0.24491866240370908,1
<W_Assess_application | 20>,W_Assess_application,<O_ACCEPTED | 47>,0.5,0.0,1,0.23009726455051788,0.4621171572600098,0
<W_Assess_application | 20>,W_Assess_application,<W_Assess_application | 47>,0.5,0.0,1,0.23009726455051788,0.4621171572600098,0
<W_Assess_application | 20>,W_Call_missing_information,<O_ACCEPTED | 9>,1.0,0.0,2,0.2387296755323768,0.4621171572600098,1
<W_Assess_application | 25>,END,<END | 25>,0.5,0.0378191699057275,1,0.017278707751941465,0.4621171572600098,0
<W_Assess_application | 25>,END,<END | 93>,0.5,0.036961467343885,1,0.017278707751941465,0.4621171572600098,0
<W_Assess_application | 25>,W_Assess_application,<O_ACCEPTED | 25>,0.1071428571428571,0.0,3,0.48331703128070624,0.9999983369439447,0
<W_Assess_application | 25>,W_Assess_application,<O_DECLINED | 25>,0.0357142857142857,0.0,1,0.48331703128070624,0.9999983369439447,0
<W_Assess_application | 25>,W_Assess_application,<W_Assess_application | 25>,0.7857142857142857,0.0,22,0.48331703128070624,0.9999983369439447,0
<W_Assess_application | 25>,W_Assess_application,<W_Assess_application | 93>,0.0714285714285714,0.0,2,0.48331703128070624,0.9999983369439447,0
<W_Assess_application | 25>,W_Call_missing_information,<O_ACCEPTED | 12>,0.2,0.0,5,0.48699376216828694,0.9999925467214317,1
<W_Assess_application | 25>,W_Call_missing_information,<O_ACCEPTED | 48>,0.24,0.0,6,0.48699376216828694,0.9999925467214317,1
<W_Assess_application | 25>,W_Call_missing_information,<O_DECLINED | 48>,0.04,0.0,1,0.48699376216828694,0.9999925467214317,1
<W_Assess_application | 25>,W_Call_missing_information,<W_Call_missing_information | 25>,0.44,0.0,11,0.48699376216828694,0.9999925467214317,1
<W_Assess_application | 25>,W_Call_missing_information,<W_Call_missing_information | 93>,0.08,0.0,2,0.48699376216828694,0.9999925467214317,1
<W_Assess_application | 39>,END,<END | 47>,1.0,0.0379025502542021,1,0.00928304190994854,0.24491866240370908,0
<W_Assess_application | 39>,O_CANCELLED,<A_CANCELLED | 59>,0.5,0.0,1,0.0024010418518808346,0.4621171572600098,0
<W_Assess_application | 39>,O_CANCELLED,<O_CANCELLED | 47>,0.5,0.0,1,0.0024010418518808346,0.4621171572600098,0
<W_Assess_application | 39>,O_SELECTED,<O_SELECTED | 47>,1.0,0.0,1,0.000877474126267648,0.24491866240370908,0
<W_Assess_application | 39>,W_Assess_application,<O_ACCEPTED | 47>,0.1392405063291139,0.0,11,0.47026963488210793,1.0,1
<W_Assess_application | 39>,W_Assess_application,<O_ACCEPTED | 59>,0.0632911392405063,0.0,5,0.47026963488210793,1.0,1
<W_Assess_application | 39>,W_Assess_application,<O_DECLINED | 47>,0.0253164556962025,0.0,2,0.47026963488210793,1.0,1
<W_Assess_application | 39>,W_Assess_application,<O_DECLINED | 59>,0.0126582278481012,0.0,1,0.47026963488210793,1.0,1
<W_Assess_application | 39>,W_Assess_application,<W_Assess_application | 47>,0.5189873417721519,0.0,41,0.47026963488210793,1.0,1
<W_Assess_application | 39>,W_Assess_application,<W_Assess_application | 59>,0.240506329113924,0.0,19,0.47026963488210793,1.0,1
<W_Assess_application | 39>,W_Call_missing_information,<O_ACCEPTED | 61>,0.0652173913043478,0.0,6,0.444609994927887,1.0,0
<W_Assess_application | 39>,W_Call_missing_information,<O_ACCEPTED | 9>,0.4239130434782608,0.0,39,0.444609994927887,1.0,0
<W_Assess_application | 39>,W_Call_missing_information,<O_DECLINED | 61>,0.0217391304347826,0.0,2,0.444609994927887,1.0,0
<W_Assess_application | 39>,W_Call_missing_information,<O_DECLINED | 9>,0.0760869565217391,0.0,7,0.444609994927887,1.0,0
<W_Assess_application | 39>,W_Call_missing_information,<W_Call_missing_information | 47>,0.3152173913043478,0.0,29,0.444609994927887,1.0,0
<W_Assess_application | 39>,W_Call_missing_information,<W_Call_missing_information | 59>,0.0978260869565217,0.0,9,0.444609994927887,1.0,0
<W_Assess_application | 47>,W_Assess_application,<O_ACCEPTED | 47>,0.032258064516129,0.0,1,0.5001791379981364,0.9999996289217963,1
<W_Assess_application | 47>,W_Assess_application,<W_Assess_application | 47>,0.8709677419354839,0.0,27,0.5001791379981364,0.9999996289217963,1
<W_Assess_application | 47>,W_Assess_application,<W_Assess_application | 4>,0.0967741935483871,0.0,3,0.5001791379981364,0.9999996289217963,1
<W_Assess_application | 47>,W_Call_missing_information,<O_ACCEPTED | 81>,0.15,0.0,6,0.4869946041023627,0.9999999958776927,0
<W_Assess_application | 47>,W_Call_missing_information,<O_ACCEPTED | 9>,0.45,0.0,18,0.4869946041023627,0.9999999958776927,0
<W_Assess_application | 47>,W_Call_missing_information,<O_DECLINED | 9>,0.025,0.0,1,0.4869946041023627,0.9999999958776927,0
<W_Assess_application | 47>,W_Call_missing_information,<W_Call_missing_information | 47>,0.375,0.0,15,0.4869946041023627,0.9999999958776927,0
<W_Assess_application | 48>,W_Assess_application,<W_Assess_application | 48>,1.0,0.0,1,0.02660337989775436,0.24491866240370908,0
<W_Assess_application | 48>,W_Call_missing_information,<W_Call_missing_information | 48>,1.0,0.0,1,0.10862128527348791,0.24491866240370908,1
<W_Assess_application | 4>,W_Assess_application,<O_ACCEPTED | 4>,0.0769230769230769,0.0,2,0.5016891795693587,0.9999954793514042,1
<W_Assess_application | 4>,W_Assess_application,<W_Assess_application | 4>,0.9230769230769232,0.0,24,0.5016891795693587,0.9999954793514042,1
<W_Assess_application | 4>,W_Call_missing_information,<O_ACCEPTED | 48>,0.1111111111111111,0.0,3,0.4640734169012409,0.9999972580855863,0
<W_Assess_application | 4>,W_Call_missing_information,<O_ACCEPTED | 61>,0.2962962962962963,0.0,8,0.4640734169012409,0.9999972580855863,0
<W_Assess_application | 4>,W_Call_missing_information,<O_ACCEPTED | 81>,0.1481481481481481,0.0,4,0.4640734169012409,0.9999972580855863,0
<W_Assess_application | 4>,W_Call_missing_information,<O_DECLINED | 48>,0.037037037037037,0.0,1,0.4640734169012409,0.9999972580855863,0
<W_Assess_application | 4>,W_Call_missing_information,<O_DECLINED | 61>,0.037037037037037,0.0,1,0.4640734169012409,0.9999972580855863,0
<W_Assess_application | 4>,W_Call_missing_information,<W_Call_missing_information | 4>,0.3703703703703703,0.0,10,0.4640734169012409,0.9999972580855863,0
<W_Assess_application | 59>,END,<END | 59>,1.0,0.0375195234140385,1,0.009189231488590953,0.24491866240370908,0
<W_Assess_application | 59>,O_SELECTED,<O_SELECTED | 59>,1.0,0.0,1,0.003050239734137551,0.24491866240370908,0
<W_Assess_application | 59>,W_Assess_application,<O_ACCEPTED | 59>,0.1111111111111111,0.0,2,0.43932903749948526,0.9997532108480275,0
<W_Assess_application | 59>,W_Assess_application,<O_ACCEPTED | 93>,0.0555555555555555,0.0,1,0.43932903749948526,0.9997532108480275,0
<W_Assess_application | 59>,W_Assess_application,<O_DECLINED | 59>,0.0555555555555555,0.0,1,0.43932903749948526,0.9997532108480275,0
<W_Assess_application | 59>,W_Assess_application,<W_Assess_application | 59>,0.7222222222222222,0.0,13,0.43932903749948526,0.9997532108480275,0
<W_Assess_application | 59>,W_Assess_application,<W_Assess_application | 93>,0.0555555555555555,0.0,1,0.43932903749948526,0.9997532108480275,0
<W_Assess_application | 59>,W_Call_missing_information,<O_ACCEPTED | 61>,0.2857142857142857,0.0,6,0.4574865255935104,0.9999449286177708,1
<W_Assess_application | 59>,W_Call_missing_information,<O_ACCEPTED | 81>,0.0476190476190476,0.0,1,0.4574865255935104,0.9999449286177708,1
<W_Assess_application | 59>,W_Call_missing_information,<O_ACCEPTED | 9>,0.0476190476190476,0.0,1,0.4574865255935104,0.9999449286177708,1
<W_Assess_application | 59>,W_Call_missing_information,<O_DECLINED | 61>,0.0476190476190476,0.0,1,0.4574865255935104,0.9999449286177708,1
<W_Assess_application | 59>,W_Call_missing_information,<W_Call_missing_information | 4>,0.0476190476190476,0.0,1,0.4574865255935104,0.9999449286177708,1
<W_Assess_application | 59>,W_Call_missing_information,<W_Call_missing_information | 59>,0.5238095238095238,0.0,11,0.4574865255935104,0.9999449286177708,1
<W_Assess_application | 60>,O_CANCELLED,<O_CANCELLED | 60>,1.0,0.0,1,0.0010482829315565845,0.24491866240370908,0
<W_Assess_application | 60>,W_Assess_application,<O_ACCEPTED | 60>,0.1333333333333333,0.0,2,0.4915086877590302,0.9988944427261528,1
<W_Assess_application | 60>,W_Assess_application,<W_Assess_application | 60>,0.8666666666666667,0.0,13,0.4915086877590302,0.9988944427261528,1
<W_Assess_application | 60>,W_Call_missing_information,<O_ACCEPTED | 61>,0.15,0.0,3,0.43363301331468274,0.9999092042625951,0
<W_Assess_application | 60>,W_Call_missing_information,<O_ACCEPTED | 81>,0.3,0.0,6,0.43363301331468274,0.9999092042625951,0
<W_Assess_application | 60>,W_Call_missing_information,<O_ACCEPTED | 9>,0.1,0.0,2,0.43363301331468274,0.9999092042625951,0
<W_Assess_application | 60>,W_Call_missing_information,<O_DECLINED | 61>,0.1,0.0,2,0.43363301331468274,0.9999092042625951,0
<W_Assess_application | 60>,W_Call_missing_information,<O_DECLINED | 81>,0.05,0.0,1,0.43363301331468274,0.9999092042625951,0
<W_Assess_application | 60>,W_Call_missing_information,<W_Call_missing_information | 60>,0.3,0.0,6,0.43363301331468274,0.9999092042625951,0
<W_Assess_application | 63>,W_Assess_application,<W_Assess_application | 63>,1.0,0.0,6,0.45150772044810206,0.9051482536448664,0
<W_Assess_application | 63>,W_Call_missing_information,<O_ACCEPTED | 48>,0.2857142857142857,0.0,2,0.49882184341621727,0.9413755384972874,1
<W_Assess_application | 63>,W_Call_missing_information,<O_ACCEPTED | 76>,0.1428571428571428,0.0,1,0.49882184341621727,0.9413755384972874,1
<W_Assess_application | 63>,W_Call_missing_information,<W_Call_missing_information | 63>,0.5714285714285714,0.0,4,0.49882184341621727,0.9413755384972874,1
<W_Assess_application | 65>,END,<END | 65>,1.0,0.0375963639897662,2,0.017373924850263355,0.4621171572600098,0
<W_Assess_application | 65>,O_SELECTED,<O_SELECTED | 65>,1.0,0.0,1,0.010859114251790702,0.24491866240370908,0
<W_Assess_application | 65>,W_Assess_application,<O_ACCEPTED | 65>,0.0434782608695652,0.0,1,0.5684771974880761,0.9999797400180382,1
<W_Assess_application | 65>,W_Assess_application,<W_Assess_application | 65>,0.9565217391304348,0.0,22,0.5684771974880761,0.9999797400180382,1
<W_Assess_application | 65>,W_Call_missing_information,<O_ACCEPTED | 12>,0.3,0.0,6,0.5057926408820131,0.9999092042625951,0
<W_Assess_application | 65>,W_Call_missing_information,<O_ACCEPTED | 48>,0.1,0.0,2,0.5057926408820131,0.9999092042625951,0
<W_Assess_application | 65>,W_Call_missing_information,<O_ACCEPTED | 81>,0.2,0.0,4,0.5057926408820131,0.9999092042625951,0
<W_Assess_application | 65>,W_Call_missing_information,<O_DECLINED | 12>,0.05,0.0,1,0.5057926408820131,0.9999092042625951,0
<W_Assess_application | 65>,W_Call_missing_information,<O_DECLINED | 81>,0.05,0.0,1,0.5057926408820131,0.9999092042625951,0
<W_Assess_application | 65>,W_Call_missing_information,<W_Call_missing_information | 65>,0.3,0.0,6,0.5057926408820131,0.9999092042625951,0
<W_Assess_application | 71>,O_CANCELLED,<O_CANCELLED | 4>,1.0,0.0,1,0.0002944544256843792,0.24491866240370908,0
<W_Assess_application | 71>,W_Assess_application,<O_ACCEPTED | 4>,0.09375,0.0,3,0.4846141422885459,0.9999997749296758,0
<W_Assess_application | 71>,W_Assess_application,<O_DECLINED | 4>,0.03125,0.0,1,0.4846141422885459,0.9999997749296758,0
<W_Assess_application | 71>,W_Assess_application,<W_Assess_application | 4>,0.8125,0.0,26,0.4846141422885459,0.9999997749296758,0
<W_Assess_application | 71>,W_Assess_application,<W_Assess_application | 59>,0.03125,0.0,1,0.4846141422885459,0.9999997749296758,0
<W_Assess_application | 71>,W_Assess_application,<W_Assess_application | 63>,0.03125,0.0,1,0.4846141422885459,0.9999997749296758,0
<W_Assess_application | 71>,W_Call_missing_information,<O_ACCEPTED | 12>,0.0869565217391304,0.0,2,0.5102831343742308,0.9999797400180382,1
<W_Assess_application | 71>,W_Call_missing_information,<O_ACCEPTED | 48>,0.0869565217391304,0.0,2,0.5102831343742308,0.9999797400180382,1
<W_Assess_application | 71>,W_Call_missing_information,<O_ACCEPTED | 61>,0.3043478260869565,0.0,7,0.5102831343742308,0.9999797400180382,1
<W_Assess_application | 71>,W_Call_missing_information,<O_ACCEPTED | 9>,0.1739130434782608,0.0,4,0.5102831343742308,0.9999797400180382,1
<W_Assess_application | 71>,W_Call_missing_information,<W_Call_missing_information | 4>,0.3043478260869565,0.0,7,0.5102831343742308,0.9999797400180382,1
<W_Assess_application | 71>,W_Call_missing_information,<W_Call_missing_information | 65>,0.0434782608695652,0.0,1,0.5102831343742308,0.9999797400180382,1
<W_Assess_application | 72>,W_Assess_application,<W_Assess_application | 47>,1.0,0.0,1,0.12250315562538422,0.24491866240370908,1
<W_Assess_application | 72>,W_Call_missing_information,<W_Call_missing_information | 47>,1.0,0.0,1,0.11385673318215776,0.24491866240370908,0
<W_Assess_application | 76>,W_Assess_application,<W_Assess_application | 76>,1.0,0.0,2,0.06181868510988937,0.4621171572600098,0
<W_Assess_application | 76>,W_Call_missing_information,<O_ACCEPTED | 76>,1.0,0.0,1,0.13377275467637992,0.24491866240370908,1
<W_Assess_application | 82>,END,<END | 63>,1.0,0.0365272184172655,2,0.016879854337602206,0.4621171572600098,0
<W_Assess_application | 82>,O_CANCELLED,<O_ACCEPTED | 25>,1.0,0.0,1,0.14652455599908498,0.24491866240370908,0
<W_Assess_application | 82>,O_SELECTED,<O_SELECTED | 25>,1.0,0.0,1,0.004007397924260388,0.24491866240370908,0
<W_Assess_application | 82>,W_Assess_application,<O_ACCEPTED | 25>,0.09375,0.0,3,0.5111179402896012,0.9999997749296758,1
<W_Assess_application | 82>,W_Assess_application,<O_ACCEPTED | 63>,0.09375,0.0,3,0.5111179402896012,0.9999997749296758,1
<W_Assess_application | 82>,W_Assess_application,<O_ACCEPTED | 93>,0.03125,0.0,1,0.5111179402896012,0.9999997749296758,1
<W_Assess_application | 82>,W_Assess_application,<W_Assess_application | 25>,0.46875,0.0,15,0.5111179402896012,0.9999997749296758,1
<W_Assess_application | 82>,W_Assess_application,<W_Assess_application | 63>,0.1875,0.0,6,0.5111179402896012,0.9999997749296758,1
<W_Assess_application | 82>,W_Assess_application,<W_Assess_application | 93>,0.125,0.0,4,0.5111179402896012,0.9999997749296758,1
<W_Assess_application | 82>,W_Call_missing_information,<O_ACCEPTED | 48>,0.3870967741935484,0.0,12,0.4875009980502991,0.9999996289217963,0
<W_Assess_application | 82>,W_Call_missing_information,<O_ACCEPTED | 61>,0.032258064516129,0.0,1,0.4875009980502991,0.9999996289217963,0
<W_Assess_application | 82>,W_Call_missing_information,<O_ACCEPTED | 76>,0.064516129032258,0.0,2,0.4875009980502991,0.9999996289217963,0
<W_Assess_application | 82>,W_Call_missing_information,<O_DECLINED | 48>,0.064516129032258,0.0,2,0.4875009980502991,0.9999996289217963,0
<W_Assess_application | 82>,W_Call_missing_information,<W_Call_missing_information | 25>,0.2258064516129032,0.0,7,0.4875009980502991,0.9999996289217963,0
<W_Assess_application | 82>,W_Call_missing_information,<W_Call_missing_information | 63>,0.1612903225806451,0.0,5,0.4875009980502991,0.9999996289217963,0
<W_Assess_application | 82>,W_Call_missing_information,<W_Call_missing_information | 93>,0.064516129032258,0.0,2,0.4875009980502991,0.9999996289217963,0
<W_Assess_application | 86>,END,<END | 59>,1.0,0.0375195234140385,1,0.009189231488590953,0.24491866240370908,0
<W_Assess_application | 86>,O_CANCELLED,<O_CANCELLED | 59>,0.5,0.0,1,0.0012667511009271611,0.4621171572600098,0
<W_Assess_application | 86>,O_CANCELLED,<O_CANCELLED | 60>,0.5,0.0,1,0.0012667511009271611,0.4621171572600098,0
<W_Assess_application | 86>,W_Assess_application,<O_ACCEPTED | 59>,0.0769230769230769,0.0,3,0.4601714254217077,0.9999999932034643,0
<W_Assess_application | 86>,W_Assess_application,<O_ACCEPTED | 60>,0.0769230769230769,0.0,3,0.4601714254217077,0.9999999932034643,0
<W_Assess_application | 86>,W_Assess_application,<O_DECLINED | 59>,0.0256410256410256,0.0,1,0.4601714254217077,0.9999999932034643,0
<W_Assess_application | 86>,W_Assess_application,<O_DECLINED | 60>,0.0256410256410256,0.0,1,0.4601714254217077,0.9999999932034643,0
<W_Assess_application | 86>,W_Assess_application,<W_Assess_application | 59>,0.2051282051282051,0.0,8,0.4601714254217077,0.9999999932034643,0
<W_Assess_application | 86>,W_Assess_application,<W_Assess_application | 60>,0.5897435897435898,0.0,23,0.4601714254217077,0.9999999932034643,0
<W_Assess_application | 86>,W_Call_missing_information,<O_ACCEPTED | 61>,0.1025641025641025,0.0,4,0.46103087996336245,0.9999999932034643,1
<W_Assess_application | 86>,W_Call_missing_information,<O_ACCEPTED | 9>,0.4615384615384615,0.0,18,0.46103087996336245,0.9999999932034643,1
<W_Assess_application | 86>,W_Call_missing_information,<O_DECLINED | 9>,0.0769230769230769,0.0,3,0.46103087996336245,0.9999999932034643,1
<W_Assess_application | 86>,W_Call_missing_information,<W_Call_missing_information | 59>,0.0512820512820512,0.0,2,0.46103087996336245,0.9999999932034643,1
<W_Assess_application | 86>,W_Call_missing_information,<W_Call_missing_information | 60>,0.3076923076923077,0.0,12,0.46103087996336245,0.9999999932034643,1
<W_Assess_application | 90>,W_Assess_application,<W_Assess_application | 47>,1.0,0.0,1,0.12250315562538422,0.24491866240370908,1
<W_Assess_application | 93>,W_Assess_application,<O_ACCEPTED | 93>,0.0909090909090909,0.0,1,0.5002122424393943,0.9918597245682077,0
<W_Assess_application | 93>,W_Assess_application,<W_Assess_application | 93>,0.9090909090909092,0.0,10,0.5002122424393943,0.9918597245682077,0
<W_Assess_application | 93>,W_Call_missing_information,<O_ACCEPTED | 48>,0.5,0.0,3,0.5091853736922349,0.9051482536448664,1
<W_Assess_application | 93>,W_Call_missing_information,<O_ACCEPTED | 61>,0.3333333333333333,0.0,2,0.5091853736922349,0.9051482536448664,1
<W_Assess_application | 93>,W_Call_missing_information,<O_ACCEPTED | 81>,0.1666666666666666,0.0,1,0.5091853736922349,0.9051482536448664,1
<W_Assess_fraud | 5>,A_DECLINED,<A_DECLINED | 5>,1.0,0.0,12,0.033490409298563006,0.9950547536867305,0
<W_Assess_fraud | 5>,A_PREACCEPTED,<A_PREACCEPTED | 5>,1.0,0.0,13,0.47129614957537824,0.996997635486526,1
<W_Call_after_offer | 11>,O_CANCELLED,<O_CANCELLED | 68>,0.75,0.0,3,0.011714635426003499,0.7615941559557649,0
<W_Call_after_offer | 11>,O_CANCELLED,<O_CANCELLED | 77>,0.25,0.0,1,0.011714635426003499,0.7615941559557649,0
<W_Call_after_offer | 11>,O_SELECTED,<O_SELECTED | 68>,0.7777777777777778,0.0,7,0.46603620606912116,0.9780261147388136,1
<W_Call_after_offer | 11>,O_SELECTED,<O_SELECTED | 77>,0.2222222222222222,0.0,2,0.46603620606912116,0.9780261147388136,1
<W_Call_after_offer | 11>,W_Call_after_offer,<O_DECLINED | 68>,0.0833333333333333,0.0,3,0.44653100957482184,0.999999969540041,0
<W_Call_after_offer | 11>,W_Call_after_offer,<O_SENT_BACK | 64>,0.1666666666666666,0.0,6,0.44653100957482184,0.999999969540041,0
<W_Call_after_offer | 11>,W_Call_after_offer,<O_SENT_BACK | 68>,0.1944444444444444,0.0,7,0.44653100957482184,0.999999969540041,0
<W_Call_after_offer | 11>,W_Call_after_offer,<O_SENT_BACK | 77>,0.0555555555555555,0.0,2,0.44653100957482184,0.999999969540041,0
<W_Call_after_offer | 11>,W_Call_after_offer,<O_SENT_BACK | 98>,0.0277777777777777,0.0,1,0.44653100957482184,0.999999969540041,0
<W_Call_after_offer | 11>,W_Call_after_offer,<W_Call_after_offer | 1>,0.0277777777777777,0.0,1,0.44653100957482184,0.999999969540041,0
<W_Call_after_offer | 11>,W_Call_after_offer,<W_Call_after_offer | 28>,0.0555555555555555,0.0,2,0.44653100957482184,0.999999969540041,0
<W_Call_after_offer | 11>,W_Call_after_offer,<W_Call_after_offer | 68>,0.3055555555555556,0.0,11,0.44653100957482184,0.999999969540041,0
<W_Call_after_offer | 11>,W_Call_after_offer,<W_Call_after_offer | 77>,0.0833333333333333,0.0,3,0.44653100957482184,0.999999969540041,0
<W_Call_after_offer | 12>,W_Call_after_offer,<O_ACCEPTED | 12>,0.25,0.0,2,0.3137534994196308,0.9640275800758169,1
<W_Call_after_offer | 12>,W_Call_after_offer,<W_Call_after_offer | 12>,0.375,0.0,3,0.3137534994196308,0.9640275800758169,1
<W_Call_after_offer | 12>,W_Call_after_offer,<W_Call_after_offer | 48>,0.375,0.0,3,0.3137534994196308,0.9640275800758169,1
<W_Call_after_offer | 1>,W_Call_after_offer,<O_SENT_BACK | 1>,0.75,0.0,3,0.3097071516549299,0.7615941559557649,1
<W_Call_after_offer | 1>,W_Call_after_offer,<W_Call_after_offer | 1>,0.25,0.0,1,0.3097071516549299,0.7615941559557649,1
<W_Call_after_offer | 20>,END,<END | 70>,1.0,0.037954824230752,1,0.009295844782363666,0.24491866240370908,0
<W_Call_after_offer | 20>,O_CANCELLED,<A_CANCELLED | 84>,0.2222222222222222,0.0,4,0.020663743679286892,0.9997532108480275,0
<W_Call_after_offer | 20>,O_CANCELLED,<O_CANCELLED | 68>,0.3333333333333333,0.0,6,0.020663743679286892,0.9997532108480275,0
<W_Call_after_offer | 20>,O_CANCELLED,<O_CANCELLED | 70>,0.3888888888888889,0.0,7,0.020663743679286892,0.9997532108480275,0
<W_Call_after_offer | 20>,O_CANCELLED,<O_DECLINED | 84>,0.0555555555555555,0.0,1,0.020663743679286892,0.9997532108480275,0
<W_Call_after_offer | 20>,O_SELECTED,<O_SELECTED | 68>,0.3548387096774194,0.0,22,0.5096870913941536,0.9999999999999312,1
<W_Call_after_offer | 20>,O_SELECTED,<O_SELECTED | 70>,0.6451612903225806,0.0,40,0.5096870913941536,0.9999999999999312,1
<W_Call_after_offer | 20>,W_Call_after_offer,<O_DECLINED | 1>,0.0055555555555555,0.0,1,0.4306646804448269,1.0,0
<W_Call_after_offer | 20>,W_Call_after_offer,<O_DECLINED | 68>,0.0166666666666666,0.0,3,0.4306646804448269,1.0,0
<W_Call_after_offer | 20>,W_Call_after_offer,<O_DECLINED | 70>,0.1166666666666666,0.0,21,0.4306646804448269,1.0,0
<W_Call_after_offer | 20>,W_Call_after_offer,<O_SENT_BACK | 64>,0.0166666666666666,0.0,3,0.4306646804448269,1.0,0
<W_Call_after_offer | 20>,W_Call_after_offer,<O_SENT_BACK | 68>,0.0666666666666666,0.0,12,0.4306646804448269,1.0,0
<W_Call_after_offer | 20>,W_Call_after_offer,<O_SENT_BACK | 70>,0.1777777777777777,0.0,32,0.4306646804448269,1.0,0
<W_Call_after_offer | 20>,W_Call_after_offer,<W_Call_after_offer | 1>,0.0111111111111111,0.0,2,0.4306646804448269,1.0,0
<W_Call_after_offer | 20>,W_Call_after_offer,<W_Call_after_offer | 64>,0.0277777777777777,0.0,5,0.4306646804448269,1.0,0
<W_Call_after_offer | 20>,W_Call_after_offer,<W_Call_after_offer | 68>,0.1111111111111111,0.0,20,0.4306646804448269,1.0,0
<W_Call_after_offer | 20>,W_Call_after_offer,<W_Call_after_offer | 70>,0.45,0.0,81,0.4306646804448269,1.0,0
<W_Call_after_offer | 23>,O_CANCELLED,<O_CANCELLED | 23>,1.0,0.0,1,0.000490797533517278,0.24491866240370908,0
<W_Call_after_offer | 23>,W_Call_after_offer,<O_SENT_BACK | 23>,0.75,0.0,3,0.34658024996731807,0.7615941559557649,1
<W_Call_after_offer | 23>,W_Call_after_offer,<W_Call_after_offer | 23>,0.25,0.0,1,0.34658024996731807,0.7615941559557649,1
<W_Call_after_offer | 25>,O_CANCELLED,<O_ACCEPTED | 25>,1.0,0.0,1,0.14652455599908498,0.24491866240370908,1
<W_Call_after_offer | 25>,W_Call_after_offer,<W_Call_after_offer | 25>,1.0,0.0,1,0.03588659826459326,0.24491866240370908,0
<W_Call_after_offer | 28>,W_Call_after_offer,<O_SENT_BACK | 64>,0.5,0.0,10,0.5161844488289258,0.9999092042625951,1
<W_Call_after_offer | 28>,W_Call_after_offer,<O_SENT_BACK | 98>,0.3,0.0,6,0.5161844488289258,0.9999092042625951,1
<W_Call_after_offer | 28>,W_Call_after_offer,<W_Call_after_offer | 64>,0.1,0.0,2,0.5161844488289258,0.9999092042625951,1
<W_Call_after_offer | 28>,W_Call_after_offer,<W_Call_after_offer | 98>,0.1,0.0,2,0.5161844488289258,0.9999092042625951,1
<W_Call_after_offer | 33>,O_CANCELLED,<A_CANCELLED | 84>,0.3333333333333333,0.0,2,0.020816434177411105,0.9051482536448664,0
<W_Call_after_offer | 33>,O_CANCELLED,<O_CANCELLED | 33>,0.6666666666666666,0.0,4,0.020816434177411105,0.9051482536448664,0
<W_Call_after_offer | 33>,O_SELECTED,<O_SELECTED | 33>,0.7857142857142857,0.0,11,0.4841100426887495,0.9981778976111987,1
<W_Call_after_offer | 33>,O_SELECTED,<O_SELECTED | 41>,0.2142857142857142,0.0,3,0.4841100426887495,0.9981778976111987,1
<W_Call_after_offer | 33>,W_Call_after_offer,<O_DECLINED | 33>,0.0909090909090909,0.0,4,0.3943968462598327,0.9999999994421064,0
<W_Call_after_offer | 33>,W_Call_after_offer,<O_DECLINED | 41>,0.0681818181818181,0.0,3,0.3943968462598327,0.9999999994421064,0
<W_Call_after_offer | 33>,W_Call_after_offer,<O_DECLINED | 77>,0.0227272727272727,0.0,1,0.3943968462598327,0.9999999994421064,0
<W_Call_after_offer | 33>,W_Call_after_offer,<O_SENT_BACK | 33>,0.1590909090909091,0.0,7,0.3943968462598327,0.9999999994421064,0
<W_Call_after_offer | 33>,W_Call_after_offer,<O_SENT_BACK | 41>,0.0227272727272727,0.0,1,0.3943968462598327,0.9999999994421064,0
<W_Call_after_offer | 33>,W_Call_after_offer,<W_Call_after_offer | 33>,0.5454545454545454,0.0,24,0.3943968462598327,0.9999999994421064,0
<W_Call_after_offer | 33>,W_Call_after_offer,<W_Call_after_offer | 41>,0.0909090909090909,0.0,4,0.3943968462598327,0.9999999994421064,0
<W_Call_after_offer | 41>,O_SELECTED,<O_SELECTED | 41>,1.0,0.0,5,0.3902232716564276,0.8482836399575129,0
<W_Call_after_offer | 41>,W_Call_after_offer,<O_SENT_BACK | 41>,0.6363636363636364,0.0,7,0.4584826434800141,0.9918597245682077,1
<W_Call_after_offer | 41>,W_Call_after_offer,<W_Call_after_offer | 41>,0.1818181818181818,0.0,2,0.4584826434800141,0.9918597245682077,1
<W_Call_after_offer | 41>,W_Call_after_offer,<W_Call_after_offer | 69>,0.1818181818181818,0.0,2,0.4584826434800141,0.9918597245682077,1
<W_Call_after_offer | 48>,W_Call_after_offer,<O_DECLINED | 76>,0.3333333333333333,0.0,1,0.1686895278513811,0.6351489523872873,1
<W_Call_after_offer | 48>,W_Call_after_offer,<W_Call_after_offer | 76>,0.6666666666666666,0.0,2,0.1686895278513811,0.6351489523872873,1
<W_Call_after_offer | 64>,END,<END | 64>,1.0,0.0375428340299285,4,0.028592402995210764,0.7615941559557649,0
<W_Call_after_offer | 64>,O_SELECTED,<O_SELECTED | 98>,1.0,0.0,1,0.0696818822865541,0.24491866240370908,0
<W_Call_after_offer | 64>,W_Call_after_offer,<O_SENT_BACK | 41>,0.4363636363636363,0.0,24,0.5120113306464137,0.99999999999772,1
<W_Call_after_offer | 64>,W_Call_after_offer,<O_SENT_BACK | 64>,0.2,0.0,11,0.5120113306464137,0.99999999999772,1
<W_Call_after_offer | 64>,W_Call_after_offer,<W_Call_after_offer | 41>,0.0545454545454545,0.0,3,0.5120113306464137,0.99999999999772,1
<W_Call_after_offer | 64>,W_Call_after_offer,<W_Call_after_offer | 64>,0.3090909090909091,0.0,17,0.5120113306464137,0.99999999999772,1
<W_Call_after_offer | 68>,END,<END | 68>,1.0,0.0379512648502794,1,0.009294973023659331,0.24491866240370908,0
<W_Call_after_offer | 68>,O_CANCELLED,<O_CANCELLED | 41>,0.25,0.0,1,0.01097654622655598,0.7615941559557649,0
<W_Call_after_offer | 68>,O_CANCELLED,<O_CANCELLED | 68>,0.75,0.0,3,0.01097654622655598,0.7615941559557649,0
<W_Call_after_offer | 68>,O_SELECTED,<O_SELECTED | 41>,0.0769230769230769,0.0,1,0.490873173485981,0.996997635486526,1
<W_Call_after_offer | 68>,O_SELECTED,<O_SELECTED | 68>,0.9230769230769232,0.0,12,0.490873173485981,0.996997635486526,1
<W_Call_after_offer | 68>,W_Call_after_offer,<O_DECLINED | 41>,0.037037037037037,0.0,1,0.456065471438546,0.9999972580855863,0
<W_Call_after_offer | 68>,W_Call_after_offer,<O_DECLINED | 68>,0.037037037037037,0.0,1,0.456065471438546,0.9999972580855863,0
<W_Call_after_offer | 68>,W_Call_after_offer,<O_SENT_BACK | 41>,0.2222222222222222,0.0,6,0.456065471438546,0.9999972580855863,0
<W_Call_after_offer | 68>,W_Call_after_offer,<O_SENT_BACK | 68>,0.1851851851851851,0.0,5,0.456065471438546,0.9999972580855863,0
<W_Call_after_offer | 68>,W_Call_after_offer,<W_Call_after_offer | 68>,0.5185185185185185,0.0,14,0.456065471438546,0.9999972580855863,0
<W_Call_after_offer | 69>,O_SELECTED,<O_SELECTED | 69>,1.0,0.0,2,0.02009039261452831,0.4621171572600098,0
<W_Call_after_offer | 69>,W_Call_after_offer,<O_DECLINED | 69>,0.1666666666666666,0.0,1,0.32052105135028164,0.9051482536448664,1
<W_Call_after_offer | 69>,W_Call_after_offer,<O_SENT_BACK | 69>,0.5,0.0,3,0.32052105135028164,0.9051482536448664,1
<W_Call_after_offer | 69>,W_Call_after_offer,<W_Call_after_offer | 69>,0.3333333333333333,0.0,2,0.32052105135028164,0.9051482536448664,1
<W_Call_after_offer | 70>,END,<END | 70>,1.0,0.037954824230752,1,0.009295844782363666,0.24491866240370908,0
<W_Call_after_offer | 70>,O_CANCELLED,<A_CANCELLED | 84>,0.1,0.0,1,0.01920008342214502,0.9866142981514303,0
<W_Call_after_offer | 70>,O_CANCELLED,<O_CANCELLED | 70>,0.9,0.0,9,0.01920008342214502,0.9866142981514303,0
<W_Call_after_offer | 70>,O_SELECTED,<O_SELECTED | 70>,1.0,0.0,36,0.5177396297022405,0.999999969540041,1
<W_Call_after_offer | 70>,W_Call_after_offer,<O_DECLINED | 70>,0.0561797752808988,0.0,5,0.4737518261933879,1.0,0
<W_Call_after_offer | 70>,W_Call_after_offer,<O_SENT_BACK | 41>,0.0561797752808988,0.0,5,0.4737518261933879,1.0,0
<W_Call_after_offer | 70>,W_Call_after_offer,<O_SENT_BACK | 70>,0.2247191011235955,0.0,20,0.4737518261933879,1.0,0
<W_Call_after_offer | 70>,W_Call_after_offer,<W_Call_after_offer | 41>,0.0449438202247191,0.0,4,0.4737518261933879,1.0,0
<W_Call_after_offer | 70>,W_Call_after_offer,<W_Call_after_offer | 70>,0.6179775280898876,0.0,55,0.4737518261933879,1.0,0
<W_Call_after_offer | 72>,END,<END | 33>,1.0,0.0379411059846716,1,0.009292484927883128,0.24491866240370908,0
<W_Call_after_offer | 72>,O_CANCELLED,<O_CANCELLED | 33>,1.0,0.0,5,0.014807439603165669,0.8482836399575129,0
<W_Call_after_offer | 72>,O_SELECTED,<O_SELECTED | 33>,1.0,0.0,19,0.49173249444529893,0.9998503075449787,1
<W_Call_after_offer | 72>,W_Call_after_offer,<O_DECLINED | 33>,0.1506849315068493,0.0,11,0.4110665255525257,0.9999999999999997,0
<W_Call_after_offer | 72>,W_Call_after_offer,<O_SENT_BACK | 33>,0.2602739726027397,0.0,19,0.4110665255525257,0.9999999999999997,0
<W_Call_after_offer | 72>,W_Call_after_offer,<O_SENT_BACK | 64>,0.0136986301369863,0.0,1,0.4110665255525257,0.9999999999999997,0
<W_Call_after_offer | 72>,W_Call_after_offer,<W_Call_after_offer | 28>,0.0273972602739726,0.0,2,0.4110665255525257,0.9999999999999997,0
<W_Call_after_offer | 72>,W_Call_after_offer,<W_Call_after_offer | 33>,0.547945205479452,0.0,40,0.4110665255525257,0.9999999999999997,0
<W_Call_after_offer | 76>,W_Call_after_offer,<O_ACCEPTED | 76>,0.3333333333333333,0.0,3,0.39772925560857164,0.9780261147388136,1
<W_Call_after_offer | 76>,W_Call_after_offer,<O_SENT_BACK | 76>,0.1111111111111111,0.0,1,0.39772925560857164,0.9780261147388136,1
<W_Call_after_offer | 76>,W_Call_after_offer,<W_Call_after_offer | 76>,0.5555555555555556,0.0,5,0.39772925560857164,0.9780261147388136,1
<W_Call_after_offer | 77>,END,<END | 77>,1.0,0.0378643124918974,1,0.009273676768351564,0.24491866240370908,0
<W_Call_after_offer | 77>,O_CANCELLED,<A_CANCELLED | 84>,0.5,0.0,1,0.00978065605906868,0.4621171572600098,0
<W_Call_after_offer | 77>,O_CANCELLED,<O_CANCELLED | 77>,0.5,0.0,1,0.00978065605906868,0.4621171572600098,0
<W_Call_after_offer | 77>,O_SELECTED,<O_SELECTED | 41>,0.1666666666666666,0.0,1,0.3798777767590507,0.9051482536448664,1
<W_Call_after_offer | 77>,O_SELECTED,<O_SELECTED | 77>,0.8333333333333334,0.0,5,0.3798777767590507,0.9051482536448664,1
<W_Call_after_offer | 77>,W_Call_after_offer,<O_DECLINED | 77>,0.1666666666666666,0.0,4,0.34619282385982253,0.9999877116507956,0
<W_Call_after_offer | 77>,W_Call_after_offer,<O_SENT_BACK | 41>,0.0416666666666666,0.0,1,0.34619282385982253,0.9999877116507956,0
<W_Call_after_offer | 77>,W_Call_after_offer,<O_SENT_BACK | 77>,0.1666666666666666,0.0,4,0.34619282385982253,0.9999877116507956,0
<W_Call_after_offer | 77>,W_Call_after_offer,<W_Call_after_offer | 77>,0.625,0.0,15,0.34619282385982253,0.9999877116507956,0
<W_Call_after_offer | 90>,O_CANCELLED,<A_CANCELLED | 84>,1.0,0.0,1,0.008347298888051908,0.24491866240370908,0
<W_Call_after_offer | 90>,O_SELECTED,<O_SELECTED | 23>,0.125,0.0,1,0.33407850254664084,0.9640275800758169,0
<W_Call_after_offer | 90>,O_SELECTED,<O_SELECTED | 77>,0.75,0.0,6,0.33407850254664084,0.9640275800758169,0
<W_Call_after_offer | 90>,O_SELECTED,<O_SELECTED | 98>,0.125,0.0,1,0.33407850254664084,0.9640275800758169,0
<W_Call_after_offer | 90>,W_Call_after_offer,<O_DECLINED | 77>,0.08,0.0,2,0.3788399583384036,0.9999925467214317,1
<W_Call_after_offer | 90>,W_Call_after_offer,<O_SENT_BACK | 23>,0.04,0.0,1,0.3788399583384036,0.9999925467214317,1
<W_Call_after_offer | 90>,W_Call_after_offer,<O_SENT_BACK | 77>,0.12,0.0,3,0.3788399583384036,0.9999925467214317,1
<W_Call_after_offer | 90>,W_Call_after_offer,<O_SENT_BACK | 98>,0.08,0.0,2,0.3788399583384036,0.9999925467214317,1
<W_Call_after_offer | 90>,W_Call_after_offer,<W_Call_after_offer | 23>,0.08,0.0,2,0.3788399583384036,0.9999925467214317,1
<W_Call_after_offer | 90>,W_Call_after_offer,<W_Call_after_offer | 77>,0.6,0.0,15,0.3788399583384036,0.9999925467214317,1
<W_Call_after_offer | 98>,O_CANCELLED,<O_DECLINED | 98>,1.0,0.0,1,0.0017262055966793667,0.24491866240370908,0
<W_Call_after_offer | 98>,W_Call_after_offer,<O_DECLINED | 69>,0.0769230769230769,0.0,2,0.38882516099078,0.9999954793514042,1
<W_Call_after_offer | 98>,W_Call_after_offer,<O_DECLINED | 98>,0.0384615384615384,0.0,1,0.38882516099078,0.9999954793514042,1
<W_Call_after_offer | 98>,W_Call_after_offer,<O_SENT_BACK | 41>,0.0384615384615384,0.0,1,0.38882516099078,0.9999954793514042,1
<W_Call_after_offer | 98>,W_Call_after_offer,<O_SENT_BACK | 69>,0.0384615384615384,0.0,1,0.38882516099078,0.9999954793514042,1
<W_Call_after_offer | 98>,W_Call_after_offer,<O_SENT_BACK | 98>,0.3076923076923077,0.0,8,0.38882516099078,0.9999954793514042,1
<W_Call_after_offer | 98>,W_Call_after_offer,<W_Call_after_offer | 69>,0.0384615384615384,0.0,1,0.38882516099078,0.9999954793514042,1
<W_Call_after_offer | 98>,W_Call_after_offer,<W_Call_after_offer | 98>,0.4615384615384615,0.0,12,0.38882516099078,0.9999954793514042,1
<W_Call_missing_information | 12>,W_Call_missing_information,<O_ACCEPTED | 12>,0.6428571428571429,0.0,9,0.5765428282717898,0.9981778976111987,1
<W_Call_missing_information | 12>,W_Call_missing_information,<W_Call_missing_information | 12>,0.3571428571428571,0.0,5,0.5765428282717898,0.9981778976111987,1
<W_Call_missing_information | 25>,O_SELECTED,<O_SELECTED | 48>,1.0,0.0,1,0.005094897854075153,0.24491866240370908,0
<W_Call_missing_information | 25>,W_Call_missing_information,<O_ACCEPTED | 12>,0.2,0.0,4,0.45597232305650265,0.9999092042625951,1
<W_Call_missing_information | 25>,W_Call_missing_information,<O_ACCEPTED | 48>,0.35,0.0,7,0.45597232305650265,0.9999092042625951,1
<W_Call_missing_information | 25>,W_Call_missing_information,<O_DECLINED | 48>,0.15,0.0,3,0.45597232305650265,0.9999092042625951,1
<W_Call_missing_information | 25>,W_Call_missing_information,<W_Call_missing_information | 48>,0.3,0.0,6,0.45597232305650265,0.9999092042625951,1
<W_Call_missing_information | 47>,O_CANCELLED,<O_CANCELLED | 9>,1.0,0.0,1,0.0020532703664371695,0.24491866240370908,0
<W_Call_missing_information | 47>,O_SELECTED,<O_SELECTED | 81>,0.5,0.0,1,0.048012382586686636,0.4621171572600098,0
<W_Call_missing_information | 47>,O_SELECTED,<O_SELECTED | 9>,0.5,0.0,1,0.048012382586686636,0.4621171572600098,0
<W_Call_missing_information | 47>,W_Call_missing_information,<O_ACCEPTED | 81>,0.0238095238095238,0.0,1,0.4648756940966925,0.9999999984834879,1
<W_Call_missing_information | 47>,W_Call_missing_information,<O_ACCEPTED | 9>,0.4761904761904761,0.0,20,0.4648756940966925,0.9999999984834879,1
<W_Call_missing_information | 47>,W_Call_missing_information,<O_DECLINED | 81>,0.0238095238095238,0.0,1,0.4648756940966925,0.9999999984834879,1
<W_Call_missing_information | 47>,W_Call_missing_information,<O_DECLINED | 9>,0.0238095238095238,0.0,1,0.4648756940966925,0.9999999984834879,1
<W_Call_missing_information | 47>,W_Call_missing_information,<W_Call_missing_information | 81>,0.0238095238095238,0.0,1,0.4648756940966925,0.9999999984834879,1
<W_Call_missing_information | 47>,W_Call_missing_information,<W_Call_missing_information | 9>,0.4285714285714285,0.0,18,0.4648756940966925,0.9999999984834879,1
<W_Call_missing_information | 48>,O_SELECTED,<O_SELECTED | 48>,1.0,0.0,1,0.005094897854075153,0.24491866240370908,0
<W_Call_missing_information | 48>,W_Call_missing_information,<O_ACCEPTED | 48>,0.5625,0.0,9,0.44349942224673417,0.999329299739067,1
<W_Call_missing_information | 48>,W_Call_missing_information,<O_DECLINED | 48>,0.1875,0.0,3,0.44349942224673417,0.999329299739067,1
<W_Call_missing_information | 48>,W_Call_missing_information,<W_Call_missing_information | 48>,0.25,0.0,4,0.44349942224673417,0.999329299739067,1
<W_Call_missing_information | 4>,O_CANCELLED,<O_CANCELLED | 61>,1.0,0.0,1,0.002822082023404859,0.24491866240370908,0
<W_Call_missing_information | 4>,W_Call_missing_information,<O_ACCEPTED | 12>,0.0588235294117647,0.0,1,0.4329279526411772,0.9995931460438896,1
<W_Call_missing_information | 4>,W_Call_missing_information,<O_ACCEPTED | 48>,0.1176470588235294,0.0,2,0.4329279526411772,0.9995931460438896,1
<W_Call_missing_information | 4>,W_Call_missing_information,<O_ACCEPTED | 61>,0.2352941176470588,0.0,4,0.4329279526411772,0.9995931460438896,1
<W_Call_missing_information | 4>,W_Call_missing_information,<O_ACCEPTED | 81>,0.0588235294117647,0.0,1,0.4329279526411772,0.9995931460438896,1
<W_Call_missing_information | 4>,W_Call_missing_information,<O_DECLINED | 61>,0.1176470588235294,0.0,2,0.4329279526411772,0.9995931460438896,1
<W_Call_missing_information | 4>,W_Call_missing_information,<O_DECLINED | 81>,0.0588235294117647,0.0,1,0.4329279526411772,0.9995931460438896,1
<W_Call_missing_information | 4>,W_Call_missing_information,<W_Call_missing_information | 61>,0.1176470588235294,0.0,2,0.4329279526411772,0.9995931460438896,1
<W_Call_missing_information | 4>,W_Call_missing_information,<W_Call_missing_information | 81>,0.1764705882352941,0.0,3,0.4329279526411772,0.9995931460438896,1
<W_Call_missing_information | 4>,W_Call_missing_information,<W_Call_missing_information | 9>,0.0588235294117647,0.0,1,0.4329279526411772,0.9995931460438896,1
<W_Call_missing_information | 59>,O_SELECTED,<O_SELECTED | 9>,1.0,0.0,1,0.03661600508483009,0.24491866240370908,0
<W_Call_missing_information | 59>,W_Call_missing_information,<O_ACCEPTED | 61>,0.1428571428571428,0.0,3,0.44595733195322246,0.9999449286177708,1
<W_Call_missing_information | 59>,W_Call_missing_information,<O_ACCEPTED | 81>,0.0476190476190476,0.0,1,0.44595733195322246,0.9999449286177708,1
<W_Call_missing_information | 59>,W_Call_missing_information,<O_ACCEPTED | 9>,0.1428571428571428,0.0,3,0.44595733195322246,0.9999449286177708,1
<W_Call_missing_information | 59>,W_Call_missing_information,<O_DECLINED | 61>,0.0476190476190476,0.0,1,0.44595733195322246,0.9999449286177708,1
<W_Call_missing_information | 59>,W_Call_missing_information,<O_DECLINED | 81>,0.0476190476190476,0.0,1,0.44595733195322246,0.9999449286177708,1
<W_Call_missing_information | 59>,W_Call_missing_information,<W_Call_missing_information | 61>,0.2857142857142857,0.0,6,0.44595733195322246,0.9999449286177708,1
<W_Call_missing_information | 59>,W_Call_missing_information,<W_Call_missing_information | 81>,0.0952380952380952,0.0,2,0.44595733195322246,0.9999449286177708,1
<W_Call_missing_information | 59>,W_Call_missing_information,<W_Call_missing_information | 9>,0.1904761904761904,0.0,4,0.44595733195322246,0.9999449286177708,1
<W_Call_missing_information | 60>,O_SELECTED,<O_SELECTED | 9>,1.0,0.0,2,0.06908776984960167,0.4621171572600098,0
<W_Call_missing_information | 60>,W_Call_missing_information,<O_ACCEPTED | 61>,0.1875,0.0,3,0.4692494888063543,0.999329299739067,1
<W_Call_missing_information | 60>,W_Call_missing_information,<O_ACCEPTED | 9>,0.4375,0.0,7,0.4692494888063543,0.999329299739067,1
<W_Call_missing_information | 60>,W_Call_missing_information,<O_DECLINED | 9>,0.0625,0.0,1,0.4692494888063543,0.999329299739067,1
<W_Call_missing_information | 60>,W_Call_missing_information,<W_Call_missing_information | 61>,0.0625,0.0,1,0.4692494888063543,0.999329299739067,1
<W_Call_missing_information | 60>,W_Call_missing_information,<W_Call_missing_information | 9>,0.25,0.0,4,0.4692494888063543,0.999329299739067,1
<W_Call_missing_information | 61>,O_CANCELLED,<O_CANCELLED | 61>,1.0,0.0,2,0.005324757653872765,0.4621171572600098,0
<W_Call_missing_information | 61>,W_Call_missing_information,<O_ACCEPTED | 61>,0.6153846153846154,0.0,8,0.47461935960932866,0.996997635486526,1
<W_Call_missing_information | 61>,W_Call_missing_information,<O_DECLINED | 61>,0.0769230769230769,0.0,1,0.47461935960932866,0.996997635486526,1
<W_Call_missing_information | 61>,W_Call_missing_information,<W_Call_missing_information | 61>,0.3076923076923077,0.0,4,0.47461935960932866,0.996997635486526,1
<W_Call_missing_information | 63>,W_Call_missing_information,<O_ACCEPTED | 48>,0.3,0.0,3,0.4957032513266278,0.9866142981514303,1
<W_Call_missing_information | 63>,W_Call_missing_information,<O_ACCEPTED | 76>,0.2,0.0,2,0.4957032513266278,0.9866142981514303,1
<W_Call_missing_information | 63>,W_Call_missing_information,<W_Call_missing_information | 48>,0.3,0.0,3,0.4957032513266278,0.9866142981514303,1
<W_Call_missing_information | 63>,W_Call_missing_information,<W_Call_missing_information | 76>,0.2,0.0,2,0.4957032513266278,0.9866142981514303,1
<W_Call_missing_information | 65>,O_SELECTED,<O_SELECTED | 12>,1.0,0.0,1,0.026936995323771598,0.24491866240370908,0
<W_Call_missing_information | 65>,W_Call_missing_information,<O_ACCEPTED | 12>,0.6333333333333333,0.0,19,0.5540399602545779,0.9999993881955461,1
<W_Call_missing_information | 65>,W_Call_missing_information,<O_DECLINED | 12>,0.0333333333333333,0.0,1,0.5540399602545779,0.9999993881955461,1
<W_Call_missing_information | 65>,W_Call_missing_information,<W_Call_missing_information | 12>,0.3,0.0,9,0.5540399602545779,0.9999993881955461,1
<W_Call_missing_information | 65>,W_Call_missing_information,<W_Call_missing_information | 48>,0.0333333333333333,0.0,1,0.5540399602545779,0.9999993881955461,1
<W_Call_missing_information | 76>,W_Call_missing_information,<O_ACCEPTED | 76>,0.3333333333333333,0.0,2,0.415553335497132,0.9051482536448664,1
<W_Call_missing_information | 76>,W_Call_missing_information,<W_Call_missing_information | 76>,0.6666666666666666,0.0,4,0.415553335497132,0.9051482536448664,1
<W_Call_missing_information | 81>,O_CANCELLED,<O_CANCELLED | 81>,1.0,0.0,1,0.0010882180499046433,0.24491866240370908,0
<W_Call_missing_information | 81>,W_Call_missing_information,<O_ACCEPTED | 81>,0.625,0.0,5,0.5036779230008265,0.9640275800758169,1
<W_Call_missing_information | 81>,W_Call_missing_information,<W_Call_missing_information | 81>,0.375,0.0,3,0.5036779230008265,0.9640275800758169,1
<W_Call_missing_information | 93>,W_Call_missing_information,<O_ACCEPTED | 61>,0.25,0.0,1,0.36122913566164755,0.7615941559557649,1
<W_Call_missing_information | 93>,W_Call_missing_information,<W_Call_missing_information | 48>,0.5,0.0,2,0.36122913566164755,0.7615941559557649,1
<W_Call_missing_information | 93>,W_Call_missing_information,<W_Call_missing_information | 61>,0.25,0.0,1,0.36122913566164755,0.7615941559557649,1
<W_Call_missing_information | 9>,O_CANCELLED,<A_CANCELLED | 91>,0.5,0.0,1,0.0030712923647978198,0.4621171572600098,0
<W_Call_missing_information | 9>,O_CANCELLED,<O_CANCELLED | 9>,0.5,0.0,1,0.0030712923647978198,0.4621171572600098,0
<W_Call_missing_information | 9>,O_SELECTED,<O_SELECTED | 9>,1.0,0.0,1,0.03661600508483009,0.24491866240370908,0
<W_Call_missing_information | 9>,W_Call_missing_information,<O_ACCEPTED | 61>,0.0571428571428571,0.0,2,0.45250814615902984,0.9999999497800182,1
<W_Call_missing_information | 9>,W_Call_missing_information,<O_ACCEPTED | 9>,0.5142857142857142,0.0,18,0.45250814615902984,0.9999999497800182,1
<W_Call_missing_information | 9>,W_Call_missing_information,<O_DECLINED | 81>,0.0285714285714285,0.0,1,0.45250814615902984,0.9999999497800182,1
<W_Call_missing_information | 9>,W_Call_missing_information,<O_DECLINED | 9>,0.0571428571428571,0.0,2,0.45250814615902984,0.9999999497800182,1
<W_Call_missing_information | 9>,W_Call_missing_information,<W_Call_missing_information | 61>,0.0285714285714285,0.0,1,0.45250814615902984,0.9999999497800182,1
<W_Call_missing_information | 9>,W_Call_missing_information,<W_Call_missing_information | 9>,0.3142857142857143,0.0,11,0.45250814615902984,0.9999999497800182,1
<W_Complete_preaccepted_appl | 22>,A_ACCEPTED,<A_ACCEPTED | 94>,1.0,0.0,137,0.4956741269338451,1.0,1
<W_Complete_preaccepted_appl | 22>,A_DECLINED,<A_DECLINED | 94>,1.0,0.0,46,0.029228028926424617,0.9999999997947624,0
<W_Complete_preaccepted_appl | 22>,W_Complete_preaccepted_appl,<A_CANCELLED | 38>,0.0709219858156028,0.0,10,0.3997010592101798,1.0,0
<W_Complete_preaccepted_appl | 22>,W_Complete_preaccepted_appl,<W_Complete_preaccepted_appl | 94>,0.9290780141843972,0.0,131,0.3997010592101798,1.0,0
<W_Complete_preaccepted_appl | 2>,A_ACCEPTED,<A_ACCEPTED | 2>,0.6923076923076923,0.0,54,0.44691825531523155,1.0,1
<W_Complete_preaccepted_appl | 2>,A_ACCEPTED,<A_ACCEPTED | 38>,0.3076923076923077,0.0,24,0.44691825531523155,1.0,1
<W_Complete_preaccepted_appl | 2>,A_DECLINED,<A_DECLINED | 2>,0.6666666666666666,0.0,20,0.029803241076604793,0.9999993881955461,0
<W_Complete_preaccepted_appl | 2>,A_DECLINED,<A_DECLINED | 38>,0.3333333333333333,0.0,10,0.029803241076604793,0.9999993881955461,0
<W_Complete_preaccepted_appl | 2>,W_Complete_preaccepted_appl,<A_CANCELLED | 38>,0.048780487804878,0.0,4,0.42288103341699895,1.0,0
<W_Complete_preaccepted_appl | 2>,W_Complete_preaccepted_appl,<W_Complete_preaccepted_appl | 2>,0.7560975609756098,0.0,62,0.42288103341699895,1.0,0
<W_Complete_preaccepted_appl | 2>,W_Complete_preaccepted_appl,<W_Complete_preaccepted_appl | 38>,0.1951219512195122,0.0,16,0.42288103341699895,1.0,0
<W_Complete_preaccepted_appl | 38>,A_ACCEPTED,<A_ACCEPTED | 38>,1.0,0.0,47,0.42790732688478955,0.9999999998755171,1
<W_Complete_preaccepted_appl | 38>,A_DECLINED,<A_DECLINED | 38>,1.0,0.0,14,0.030897319207017913,0.9981778976111987,0
<W_Complete_preaccepted_appl | 38>,W_Complete_preaccepted_appl,<A_CANCELLED | 38>,0.0384615384615384,0.0,2,0.41261085048727564,0.9999999999897818,0
<W_Complete_preaccepted_appl | 38>,W_Complete_preaccepted_appl,<W_Complete_preaccepted_appl | 38>,0.9615384615384616,0.0,50,0.41261085048727564,0.9999999999897818,0
<W_Complete_preaccepted_appl | 52>,A_ACCEPTED,<A_ACCEPTED | 22>,1.0,0.0,355,0.4956741269338451,1.0,1
<W_Complete_preaccepted_appl | 52>,A_DECLINED,<A_DECLINED | 22>,1.0,0.0,111,0.029228028938422,1.0,0
<W_Complete_preaccepted_appl | 52>,W_Complete_preaccepted_appl,<A_CANCELLED | 94>,0.0608695652173913,0.0,21,0.4672917422039785,1.0,0
<W_Complete_preaccepted_appl | 52>,W_Complete_preaccepted_appl,<W_Complete_preaccepted_appl | 22>,0.9391304347826088,0.0,324,0.4672917422039785,1.0,0
<W_Complete_preaccepted_appl | 66>,A_ACCEPTED,<A_ACCEPTED | 2>,1.0,0.0,129,0.4553675568161981,1.0,1
<W_Complete_preaccepted_appl | 66>,A_DECLINED,<A_DECLINED | 2>,1.0,0.0,47,0.029228028934783445,0.9999999998755171,0
<W_Complete_preaccepted_appl | 66>,W_Complete_preaccepted_appl,<A_CANCELLED | 2>,0.037593984962406,0.0,5,0.4312215714468426,1.0,0
<W_Complete_preaccepted_appl | 66>,W_Complete_preaccepted_appl,<W_Complete_preaccepted_appl | 2>,0.962406015037594,0.0,128,0.4312215714468426,1.0,0
<W_Complete_preaccepted_appl | 94>,A_ACCEPTED,<A_ACCEPTED | 38>,1.0,0.0,61,0.4279073269380081,0.9999999999998865,1
<W_Complete_preaccepted_appl | 94>,A_DECLINED,<A_DECLINED | 38>,1.0,0.0,19,0.030949086515924124,0.9998503075449787,0
<W_Complete_preaccepted_appl | 94>,W_Complete_preaccepted_appl,<A_CANCELLED | 38>,0.0784313725490196,0.0,4,0.39671451326043183,0.999999999983153,0
<W_Complete_preaccepted_appl | 94>,W_Complete_preaccepted_appl,<W_Complete_preaccepted_appl | 38>,0.9215686274509804,0.0,47,0.39671451326043183,0.999999999983153,0
<W_Fix_incomplete_submission | 49>,A_DECLINED,<A_DECLINED | 49>,1.0,0.0,35,0.031198100435338685,0.9999999497800182,0
<W_Fix_incomplete_submission | 49>,A_PREACCEPTED,<A_PREACCEPTED | 49>,1.0,0.0,42,0.4381695577377202,0.9999999984834879,1
<W_Fix_incomplete_submission | 49>,W_Fix_incomplete_submission,<W_Fix_incomplete_submission | 49>,1.0,0.0,15,0.4376851324257123,0.9988944427261528,0
<W_Fix_incomplete_submission | 5>,A_DECLINED,<A_DECLINED | 49>,1.0,0.0,158,0.0311981020021068,1.0,0
<W_Fix_incomplete_submission | 5>,A_PREACCEPTED,<A_PREACCEPTED | 49>,1.0,0.0,280,0.43816955840220967,1.0,1
<W_Fix_incomplete_submission | 5>,W_Fix_incomplete_submission,<A_CANCELLED | 49>,0.0833333333333333,0.0,7,0.4044146043378696,1.0,0
<W_Fix_incomplete_submission | 5>,W_Fix_incomplete_submission,<W_Fix_incomplete_submission | 49>,0.9166666666666666,0.0,77,0.4044146043378696,1.0,0
